,M,plusM,minusM,NF,logZ,logZerr
0,14.911587253598647,0.2124662335125862,0.22862960390559195,3,-141033.7666404358,0.17998082799333784
