,M,plusM,minusM,NF,logZ,logZerr
0,15.181193503424689,0.1130121496221772,0.11625231828227989,3,-211912.4958684939,0.2905174423430331
