{
    "niter": 6999,
    "logz": -198078.0291392639,
    "logzerr": 0.44775978680806944,
    "logz_bs": -198078.08854521866,
    "logz_single": -198078.0291392639,
    "logzerr_tail": 0.009944236342562363,
    "logzerr_bs": 0.4476493480906356,
    "ess": 1388.4351896501582,
    "H": 21.90656957507599,
    "Herr": 0.18775714806005145,
    "posterior": {
        "mean": [
            0.07917217581295076,
            -0.013089610154191607,
            0.003711287957192196,
            -0.0009598507961741026,
            0.0005896711790895184
        ],
        "stdev": [
            0.0006003212748603248,
            0.000684467350175808,
            0.0006852008019040139,
            0.0006682090961776812,
            0.0006563764606745613
        ],
        "median": [
            0.07917588256639652,
            -0.013095818946809057,
            0.0037241000861700513,
            -0.0009575234684132822,
            0.0005983008688380254
        ],
        "errlo": [
            0.07855673381808465,
            -0.013791240302350951,
            0.0030304200135061964,
            -0.0016393733226611514,
            -4.668602291277302e-05
        ],
        "errup": [
            0.07975742991243284,
            -0.012378897824292578,
            0.00437302754270733,
            -0.0002948195630455429,
            0.0012544234816882533
        ],
        "information_gain_bits": [
            3.821753041538961,
            3.8187719246384613,
            3.874218142029076,
            3.930894741063914,
            3.994357960811558
        ]
    },
    "maximum_likelihood": {
        "logl": -198053.61422949916,
        "point": [
            0.07917443132577351,
            -0.012983966437919714,
            0.0038051249421470895,
            -0.0010065088503135172,
            0.0006569609891186046
        ],
        "point_untransformed": [
            0.8958721566288675,
            0.43508016781040143,
            0.5190256247107354,
            0.49496745574843243,
            0.503284804945593
        ]
    },
    "ncall": 20766,
    "paramnames": [
        "k1",
        "k2",
        "k3",
        "k4",
        "k5"
    ],
    "logzerr_single": 0.23402227231118403,
    "insertion_order_MWW_test": {
        "independent_iterations": Infinity,
        "converged": true
    }
}