,M,plusM,minusM,NF,logZ,logZerr
0,28.70496754711268,0.31126817669292706,0.31474301557718576,3,-283963.6455984274,0.32465475134582633
