{
    "niter": 6581,
    "logz": -141000.26352506608,
    "logzerr": 0.4049650284820744,
    "logz_bs": -141000.2492510093,
    "logz_single": -141000.26352506608,
    "logzerr_tail": 0.009945672674803063,
    "logzerr_bs": 0.4048428804962896,
    "ess": 1350.6871408591248,
    "H": 20.941046041465597,
    "Herr": 0.23448961694233222,
    "posterior": {
        "mean": [
            0.06364709637631127,
            -0.009435737849758746,
            0.0024656408529792565,
            -0.0004328265292181535,
            0.0005664209757299576
        ],
        "stdev": [
            0.0007601705664981865,
            0.000816262359681044,
            0.0008127176037167749,
            0.000812949850708764,
            0.000790423852562001
        ],
        "median": [
            0.06363860661088161,
            -0.009471018871296116,
            0.00246845713519854,
            -0.00044591044546012093,
            0.0005621923303197329
        ],
        "errlo": [
            0.06291018922250596,
            -0.010222643989510408,
            0.001650703989435269,
            -0.001219283267078694,
            -0.00020194282233426675
        ],
        "errup": [
            0.06440356442376247,
            -0.008593109203151933,
            0.0032722051878177664,
            0.0003936234756828777,
            0.001357388780606272
        ],
        "information_gain_bits": [
            3.8246191028390806,
            3.8862240811115814,
            3.815621000307037,
            3.882433936175851,
            3.906886588976604
        ]
    },
    "maximum_likelihood": {
        "logl": -140976.77375702062,
        "point": [
            0.06377967336357551,
            -0.009252505356174959,
            0.002380716672798683,
            -0.0005327023008737386,
            0.0005243905116451009
        ],
        "point_untransformed": [
            0.8188983668178775,
            0.4537374732191252,
            0.5119035833639934,
            0.4973364884956313,
            0.5026219525582255
        ]
    },
    "ncall": 18948,
    "paramnames": [
        "k1",
        "k2",
        "k3",
        "k4",
        "k5"
    ],
    "logzerr_single": 0.22880693849545733,
    "insertion_order_MWW_test": {
        "independent_iterations": Infinity,
        "converged": true
    }
}