{
    "niter": 6145,
    "logz": -142187.9165987327,
    "logzerr": 0.31978556986080847,
    "logz_bs": -142187.975672238,
    "logz_single": -142187.9165987327,
    "logzerr_tail": 0.009912945475662127,
    "logzerr_bs": 0.3196318885893561,
    "ess": 1222.485449022628,
    "H": 20.35996039022575,
    "Herr": 0.20701664187382574,
    "posterior": {
        "mean": [
            0.06358981938877288,
            -0.008346407119206879,
            0.0019236661573543965,
            -0.0003661192352154694,
            1.4580488955063319e-05
        ],
        "stdev": [
            0.0007471446009060988,
            0.0007890162894743052,
            0.0007749525003947926,
            0.0007871107916175529,
            0.0007657024646004463
        ],
        "median": [
            0.06358423006532751,
            -0.008348982044859052,
            0.0019090588300176015,
            -0.0003498144812854598,
            2.11796682021842e-05
        ],
        "errlo": [
            0.06284491936516137,
            -0.009136529897674522,
            0.0011414778388958852,
            -0.0011792028867313176,
            -0.0007487732722808033
        ],
        "errup": [
            0.06435462852446697,
            -0.007545659696209864,
            0.0026995124937790604,
            0.00045131725381923615,
            0.0007691288079227643
        ],
        "information_gain_bits": [
            3.825278435585991,
            3.830650414801918,
            3.8308995584095964,
            3.9558075743404157,
            3.9512870397244297
        ]
    },
    "maximum_likelihood": {
        "logl": -142165.13620216132,
        "point": [
            0.06370462051104314,
            -0.008287687875602218,
            0.0019272955404558145,
            -0.00036598742319385313,
            5.11563900355283e-05
        ],
        "point_untransformed": [
            0.8185231025552157,
            0.45856156062198894,
            0.509636477702279,
            0.4981700628840307,
            0.5002557819501776
        ]
    },
    "ncall": 18486,
    "paramnames": [
        "k1",
        "k2",
        "k3",
        "k4",
        "k5"
    ],
    "logzerr_single": 0.22561006399441577,
    "insertion_order_MWW_test": {
        "independent_iterations": Infinity,
        "converged": true
    }
}