,M,plusM,minusM,NF,logZ,logZerr
0,42.15229998302799,0.3261803283614739,0.33532881062426156,2,-423149.1764781779,0.3126191508570906
