,M,plusM,minusM,NF,logZ,logZerr
0,16.311874890362958,0.2153287234124761,0.18887737256590853,5,-103890.97052139617,0.5043113403810153
