,M,plusM,minusM,NF,logZ,logZerr
0,10.105026755550849,0.15185439836532488,0.15656503334429317,4,-70669.9655487168,0.352078434952623
