{
    "niter": 7234,
    "logz": -105876.3355588825,
    "logzerr": 0.3247913744666034,
    "logz_bs": -105876.3305741395,
    "logz_single": -105876.3355588825,
    "logzerr_tail": 0.00992195938306395,
    "logzerr_bs": 0.32463978753366973,
    "ess": 1638.1066175437907,
    "H": 16.10778371055494,
    "Herr": 0.17288097251686177,
    "posterior": {
        "mean": [
            0.07961733513581559,
            -0.01702674781981594,
            0.0057526465144961,
            -0.0028677806314268616
        ],
        "stdev": [
            0.0008409652654436437,
            0.0009220223839547043,
            0.0009319852622997009,
            0.0008959975752540182
        ],
        "median": [
            0.07961593087585514,
            -0.017042172506505512,
            0.005759024120940953,
            -0.002869625316659588
        ],
        "errlo": [
            0.07876955231281567,
            -0.017944591816528105,
            0.004795346330317862,
            -0.0037648397204014528
        ],
        "errup": [
            0.08045456505361975,
            -0.01610479290387791,
            0.00669827590118191,
            -0.0019653396954715297
        ],
        "information_gain_bits": [
            3.8158077263211254,
            3.8343327607563493,
            3.844876856650985,
            3.81733356324273
        ]
    },
    "maximum_likelihood": {
        "logl": -105858.17747830207,
        "point": [
            0.07970812719652584,
            -0.016975938459073123,
            0.005835956140918697,
            -0.002815575941037249
        ],
        "point_untransformed": [
            0.8985406359826292,
            0.4151203077046344,
            0.5291797807045935,
            0.48592212029481374
        ]
    },
    "ncall": 15556,
    "paramnames": [
        "k1",
        "k2",
        "k3",
        "k4"
    ],
    "logzerr_single": 0.20067251749152734,
    "insertion_order_MWW_test": {
        "independent_iterations": Infinity,
        "converged": true
    }
}