,M,plusM,minusM,NF,logZ,logZerr
0,10.109127076137735,0.16295779266711108,0.18388554126602585,5,-70674.52901160523,0.5694819589214611
