{
    "niter": 7008,
    "logz": -423159.51124458556,
    "logzerr": 0.4043503698260262,
    "logz_bs": -423159.5488461738,
    "logz_single": -423159.51124458556,
    "logzerr_tail": 0.00992317427881062,
    "logzerr_bs": 0.40422858903184533,
    "ess": 1331.073789618843,
    "H": 23.434076829289552,
    "Herr": 0.24947379202040398,
    "posterior": {
        "mean": [
            0.062661397948573,
            -0.006847687040934979,
            0.0013405484933034504,
            -0.00039676894045459564,
            7.970653748526006e-05
        ],
        "stdev": [
            0.0004325535509304013,
            0.0004551075368233273,
            0.0004574927512009603,
            0.00046635621285589645,
            0.00046185852643844145
        ],
        "median": [
            0.06265781796099011,
            -0.00685640882764868,
            0.0013398000326925938,
            -0.0003951001530028628,
            8.653785373582273e-05
        ],
        "errlo": [
            0.06223476014011692,
            -0.007301092611221957,
            0.0008969764514507039,
            -0.0008785556435831066,
            -0.0003845261187234855
        ],
        "errup": [
            0.06308589029734568,
            -0.006391846023338893,
            0.0017957449513525542,
            6.402189674623027e-05,
            0.0005395752409601828
        ],
        "information_gain_bits": [
            4.024153166666641,
            3.8892675336601066,
            3.9614725499241312,
            4.143934935431586,
            4.146351735772758
        ]
    },
    "maximum_likelihood": {
        "logl": -423133.5995853166,
        "point": [
            0.06266749195456514,
            -0.006912599213834664,
            0.0012903797814869666,
            -0.00042172451829620983,
            6.961347750082669e-05
        ],
        "point_untransformed": [
            0.8133374597728257,
            0.4654370039308267,
            0.5064518989074348,
            0.49789137740851896,
            0.5003480673875041
        ]
    },
    "ncall": 19374,
    "paramnames": [
        "k1",
        "k2",
        "k3",
        "k4",
        "k5"
    ],
    "logzerr_single": 0.24204378131491808,
    "insertion_order_MWW_test": {
        "independent_iterations": Infinity,
        "converged": true
    }
}