{
    "niter": 6951,
    "logz": -113099.44018743854,
    "logzerr": 0.2843364960438851,
    "logz_bs": -113099.40143297099,
    "logz_single": -113099.44018743854,
    "logzerr_tail": 0.00993468974775169,
    "logzerr_bs": 0.2841628844907973,
    "ess": 1655.9282258192404,
    "H": 12.515574927339912,
    "Herr": 0.14553440167769321,
    "posterior": {
        "mean": [
            0.07945993158397059,
            -0.014257196436561584,
            0.0048067297504744855
        ],
        "stdev": [
            0.0007956840776969405,
            0.0008983190683057005,
            0.0008338585408775823
        ],
        "median": [
            0.07946678166013707,
            -0.014251308181039785,
            0.00480436672177223
        ],
        "errlo": [
            0.07866981827708805,
            -0.015161610509692542,
            0.003961325959673426
        ],
        "errup": [
            0.08025108006137593,
            -0.013329469210822308,
            0.005610164932055392
        ],
        "information_gain_bits": [
            3.8152129899633835,
            3.852660768784435,
            3.886651608081508
        ]
    },
    "maximum_likelihood": {
        "logl": -113085.44172634276,
        "point": [
            0.07948770395125634,
            -0.014291735222980287,
            0.004820562756632812
        ],
        "point_untransformed": [
            0.8974385197562816,
            0.4285413238850986,
            0.524102813783164
        ]
    },
    "ncall": 11469,
    "paramnames": [
        "k1",
        "k2",
        "k3"
    ],
    "logzerr_single": 0.17688679237961713,
    "insertion_order_MWW_test": {
        "independent_iterations": Infinity,
        "converged": true
    }
}