{
    "niter": 6749,
    "logz": -139907.669417677,
    "logzerr": 0.3110985557680763,
    "logz_bs": -139907.64187422217,
    "logz_single": -139907.669417677,
    "logzerr_tail": 0.00993683488923125,
    "logzerr_bs": 0.3109398184751626,
    "ess": 1558.1141532620427,
    "H": 12.366049279808067,
    "Herr": 0.13838607355889276,
    "posterior": {
        "mean": [
            0.07954099538459698,
            -0.014693163211485274,
            0.005759189708050841
        ],
        "stdev": [
            0.000691342874409476,
            0.0007791847853397929,
            0.000735343724081946
        ],
        "median": [
            0.07954362272847801,
            -0.014692568340615456,
            0.005731426524574854
        ],
        "errlo": [
            0.07885182487236425,
            -0.015484901964150088,
            0.0050095389872886475
        ],
        "errup": [
            0.08021533642157203,
            -0.01390901222788074,
            0.00653877494622257
        ],
        "information_gain_bits": [
            3.815347084227243,
            3.903445895590009,
            3.943517285882329
        ]
    },
    "maximum_likelihood": {
        "logl": -139893.9145904619,
        "point": [
            0.07956853113250126,
            -0.014671766864200853,
            0.005773739849728357
        ],
        "point_untransformed": [
            0.8978426556625062,
            0.42664116567899574,
            0.5288686992486418
        ]
    },
    "ncall": 10956,
    "paramnames": [
        "k1",
        "k2",
        "k3"
    ],
    "logzerr_single": 0.17582696948852916,
    "insertion_order_MWW_test": {
        "independent_iterations": Infinity,
        "converged": true
    }
}