,M,plusM,minusM,NF,logZ,logZerr
0,9.822451234048943,0.11834440166928495,0.12348707566671457,2,-69310.02880057797,0.32011617771216844
