{
    "niter": 6017,
    "logz": -71773.86804600708,
    "logzerr": 0.49590175055262997,
    "logz_bs": -71773.81189856642,
    "logz_single": -71773.86804600708,
    "logzerr_tail": 0.009934392044669949,
    "logzerr_bs": 0.4958022328064544,
    "ess": 1271.607536421447,
    "H": 19.092846445870236,
    "Herr": 0.21598618301916994,
    "posterior": {
        "mean": [
            0.06370177567721662,
            -0.010914878250779272,
            0.002913785256854759,
            -0.0014940844895630324,
            0.0005855452679611118
        ],
        "stdev": [
            0.00106191210553242,
            0.0011072080397614076,
            0.0011303669454136597,
            0.0011391973101488027,
            0.0010967820150183346
        ],
        "median": [
            0.06372008363381851,
            -0.010923383513337645,
            0.0028941448872462916,
            -0.0014798929741710737,
            0.0005433063514602987
        ],
        "errlo": [
            0.06264097545509703,
            -0.012060405355093146,
            0.0017964014568061515,
            -0.0025931873234985303,
            -0.0005477350076688592
        ],
        "errup": [
            0.06472888247740463,
            -0.009775532196059741,
            0.004015466419499597,
            -0.00038555038862483904,
            0.0017201705313685072
        ],
        "information_gain_bits": [
            3.8148497318569285,
            3.7603893348629955,
            3.805018331476828,
            3.746982117321529,
            3.7243528941930504
        ]
    },
    "maximum_likelihood": {
        "logl": -71752.27851729415,
        "point": [
            0.06361765665008923,
            -0.010853125362465008,
            0.0029394184449822724,
            -0.0014958371509103674,
            0.0007294977401172964
        ],
        "point_untransformed": [
            0.8180882832504461,
            0.44573437318767495,
            0.5146970922249113,
            0.4925208142454482,
            0.5036474887005865
        ]
    },
    "ncall": 17695,
    "paramnames": [
        "k1",
        "k2",
        "k3",
        "k4",
        "k5"
    ],
    "logzerr_single": 0.21847680910036102,
    "insertion_order_MWW_test": {
        "independent_iterations": Infinity,
        "converged": true
    }
}