,M,plusM,minusM,NF,logZ,logZerr
0,10.168368343563609,0.125681491314797,0.12102297695889597,5,-139915.4999693034,0.4040565003053438
