{
    "niter": 6652,
    "logz": -107698.43362848376,
    "logzerr": 0.3686008743604316,
    "logz_bs": -107698.38483958415,
    "logz_single": -107698.43362848376,
    "logzerr_tail": 0.009925803984515369,
    "logzerr_bs": 0.3684672074887203,
    "ess": 1629.9845683361223,
    "H": 12.10264578628994,
    "Herr": 0.12027920551011256,
    "posterior": {
        "mean": [
            0.063599508498303,
            -0.009170866646538878,
            0.0021892163926047386
        ],
        "stdev": [
            0.0008644968435422608,
            0.0009129688872930859,
            0.0008801894705988681
        ],
        "median": [
            0.06361716048040816,
            -0.009167231664244907,
            0.0021925448787490157
        ],
        "errlo": [
            0.06273917737375131,
            -0.010055757146412455,
            0.0013050280351362957
        ],
        "errup": [
            0.06445721576535254,
            -0.008283284511459432,
            0.003095437711138252
        ],
        "information_gain_bits": [
            3.8228738597725536,
            3.831854130039213,
            3.819471882870553
        ]
    },
    "maximum_likelihood": {
        "logl": -107684.84857969754,
        "point": [
            0.06363559669169855,
            -0.009158283976036713,
            0.0021913637556509463
        ],
        "point_untransformed": [
            0.8181779834584927,
            0.4542085801198164,
            0.5109568187782547
        ]
    },
    "ncall": 11286,
    "paramnames": [
        "k1",
        "k2",
        "k3"
    ],
    "logzerr_single": 0.17394428552190166,
    "insertion_order_MWW_test": {
        "independent_iterations": Infinity,
        "converged": true
    }
}