,M,plusM,minusM,NF,logZ,logZerr
0,39.21077846167985,0.403706877623506,0.386611358903437,5,-198078.0291392639,0.44775978680806944
