,M,plusM,minusM,NF,logZ,logZerr
0,10.55353760945987,0.16432676881241193,0.17466226412283348,5,-69334.49482413243,0.3529610708468733
