,M,plusM,minusM,NF,logZ,logZerr
0,15.158737787961115,0.23362568924891391,0.22531589873763025,4,-172326.43037414757,0.22709210917719003
