{
    "niter": 6023,
    "logz": -139915.4999693034,
    "logzerr": 0.4040565003053438,
    "logz_bs": -139915.5971174804,
    "logz_single": -139915.4999693034,
    "logzerr_tail": 0.009945115598384291,
    "logzerr_bs": 0.40393409130047075,
    "ess": 1185.683784860031,
    "H": 20.846338747564005,
    "Herr": 0.22455922635051584,
    "posterior": {
        "mean": [
            0.07955344824511729,
            -0.01462259736555023,
            0.005395523041931354,
            -0.0012644205478436964,
            0.0003315526506780065
        ],
        "stdev": [
            0.000719723000241926,
            0.0007647807570035123,
            0.0007820862819945261,
            0.0007782257062102202,
            0.0007667351452139185
        ],
        "median": [
            0.0795598434691023,
            -0.01461445509606396,
            0.005364693047232666,
            -0.0012869141172763554,
            0.0003315182099878633
        ],
        "errlo": [
            0.07882731870715844,
            -0.015382018009563736,
            0.004643057433625845,
            -0.002057231890653849,
            -0.0004255136103613749
        ],
        "errup": [
            0.080289945256391,
            -0.013872272772050082,
            0.006159935250689738,
            -0.00047297621924694,
            0.0011017020457990967
        ],
        "information_gain_bits": [
            3.815572944840266,
            3.9007035040016773,
            3.902458844214845,
            3.8823181519511745,
            3.940323448587186
        ]
    },
    "maximum_likelihood": {
        "logl": -139892.24407473285,
        "point": [
            0.07963718318741575,
            -0.014625012747416205,
            0.005300015878272585,
            -0.001234744388445022,
            0.00033288955315083357
        ],
        "point_untransformed": [
            0.8981859159370787,
            0.42687493626291895,
            0.5265000793913629,
            0.4938262780577749,
            0.5016644477657541
        ]
    },
    "ncall": 18339,
    "paramnames": [
        "k1",
        "k2",
        "k3",
        "k4",
        "k5"
    ],
    "logzerr_single": 0.22828895476765848,
    "insertion_order_MWW_test": {
        "independent_iterations": Infinity,
        "converged": true
    }
}