{
    "niter": 5836,
    "logz": -172324.15616234884,
    "logzerr": 0.2822574558099426,
    "logz_bs": -172324.13959960992,
    "logz_single": -172324.15616234884,
    "logzerr_tail": 0.009931827458785847,
    "logzerr_bs": 0.28208266547881067,
    "ess": 1531.4792936806275,
    "H": 8.673341535351938,
    "Herr": 0.09461429306012588,
    "posterior": {
        "mean": [
            0.06368184612312748,
            -0.00920431105340854
        ],
        "stdev": [
            0.0006805224763578593,
            0.0007191844696573477
        ],
        "median": [
            0.06367297224329607,
            -0.0091881256631519
        ],
        "errlo": [
            0.0629983773409509,
            -0.00991136187702979
        ],
        "errup": [
            0.06437289755463582,
            -0.008502390732442966
        ],
        "information_gain_bits": [
            3.8238103619785786,
            3.9127327335426956
        ]
    },
    "maximum_likelihood": {
        "logl": -172314.48179684675,
        "point": [
            0.06370528913607199,
            -0.009212463166552998
        ],
        "point_untransformed": [
            0.8185264456803599,
            0.453937684167235
        ]
    },
    "ncall": 7618,
    "paramnames": [
        "k1",
        "k2"
    ],
    "logzerr_single": 0.14725268703280034,
    "insertion_order_MWW_test": {
        "independent_iterations": Infinity,
        "converged": true
    }
}