{
    "niter": 5633,
    "logz": -105711.8313782013,
    "logzerr": 0.1849504619148049,
    "logz_bs": -105711.83130143551,
    "logz_single": -105711.8313782013,
    "logzerr_tail": 0.009935204798239283,
    "logzerr_bs": 0.18468341849802528,
    "ess": 1507.510622932282,
    "H": 8.01834169990616,
    "Herr": 0.09808931621098681,
    "posterior": {
        "mean": [
            0.06378058509048253,
            -0.01160522034644864
        ],
        "stdev": [
            0.0008453638211624508,
            0.0009052086176286562
        ],
        "median": [
            0.06377351214851845,
            -0.011613948555375647
        ],
        "errlo": [
            0.06293421260186205,
            -0.012538288439805825
        ],
        "errup": [
            0.0646512687846642,
            -0.010685276653942977
        ],
        "information_gain_bits": [
            3.8184818622755388,
            3.847888115540493
        ]
    },
    "maximum_likelihood": {
        "logl": -105702.84046148584,
        "point": [
            0.06378971744925382,
            -0.011582167454860265
        ],
        "point_untransformed": [
            0.8189485872462691,
            0.44208916272569865
        ]
    },
    "ncall": 7381,
    "paramnames": [
        "k1",
        "k2"
    ],
    "logzerr_single": 0.14158338267524687,
    "insertion_order_MWW_test": {
        "independent_iterations": Infinity,
        "converged": true
    }
}