,M,plusM,minusM,NF,logZ,logZerr
0,42.9434626455414,0.4517946953778136,0.4603811497220107,4,-423154.1322546204,0.47386170831508845
