{
    "niter": 6719,
    "logz": -105715.5294693859,
    "logzerr": 0.2761043584904804,
    "logz_bs": -105715.52038840503,
    "logz_single": -105715.5294693859,
    "logzerr_tail": 0.009928553175996058,
    "logzerr_bs": 0.2759257882280508,
    "ess": 1536.0774180560368,
    "H": 16.166393921201234,
    "Herr": 0.16026405982680947,
    "posterior": {
        "mean": [
            0.06369521048595599,
            -0.010954479399224698,
            0.002434963058871044,
            -0.001280934031751482
        ],
        "stdev": [
            0.0008972387176731284,
            0.0009346368889051158,
            0.000957450073409364,
            0.0009201028067280446
        ],
        "median": [
            0.06369754613593889,
            -0.010968021443744425,
            0.0024439458283860988,
            -0.0012948920556662413
        ],
        "errlo": [
            0.06279164451246319,
            -0.011919905906880787,
            0.0014730866127585368,
            -0.002220596980919143
        ],
        "errup": [
            0.06455730830428749,
            -0.010010364870024047,
            0.003404150532584943,
            -0.00033972679127401706
        ],
        "information_gain_bits": [
            3.8208987102569627,
            3.8469601981487425,
            3.8154242188047616,
            3.854841095488488
        ]
    },
    "maximum_likelihood": {
        "logl": -105697.29158756736,
        "point": [
            0.06373119632033258,
            -0.01082246846603116,
            0.0024520006594034305,
            -0.0012779085374068078
        ],
        "point_untransformed": [
            0.8186559816016629,
            0.4458876576698442,
            0.5122600032970172,
            0.49361045731296593
        ]
    },
    "ncall": 14979,
    "paramnames": [
        "k1",
        "k2",
        "k3",
        "k4"
    ],
    "logzerr_single": 0.20103727217360237,
    "insertion_order_MWW_test": {
        "independent_iterations": Infinity,
        "converged": true
    }
}