,M,plusM,minusM,NF,logZ,logZerr
0,7.582334913862102,0.14143954973917516,0.12778885096556003,2,-71766.74238092909,0.2174030682366387
