,M,plusM,minusM,NF,logZ,logZerr
0,57.43444963421933,0.42155509219864484,0.4033442149395725,3,-305779.5594611249,0.27093726089955966
