,M,plusM,minusM,NF,logZ,logZerr
0,39.045025985179734,0.3685153484055732,0.3685280914403677,4,-198073.5232518003,0.323757756918891
