{
    "niter": 6601,
    "logz": -106028.91152467893,
    "logzerr": 0.21785352193337443,
    "logz_bs": -106028.94911247343,
    "logz_single": -106028.91152467893,
    "logzerr_tail": 0.00992693763691932,
    "logzerr_bs": 0.21762723388383165,
    "ess": 1582.2397344196422,
    "H": 12.154866466866224,
    "Herr": 0.1289572615284307,
    "posterior": {
        "mean": [
            0.07953905207377357,
            -0.014125075977529631,
            0.004833432441757789
        ],
        "stdev": [
            0.0008308445007713855,
            0.0008912461875725334,
            0.0008660938582322942
        ],
        "median": [
            0.07953091039967775,
            -0.01413910977815161,
            0.004850471365831027
        ],
        "errlo": [
            0.07867509316470458,
            -0.015011259471052044,
            0.003953618242079487
        ],
        "errup": [
            0.0804094375424958,
            -0.013207250272222484,
            0.0056890237779313735
        ],
        "information_gain_bits": [
            3.8152372010642326,
            3.85218180093186,
            3.8638036349375864
        ]
    },
    "maximum_likelihood": {
        "logl": -106015.31307417028,
        "point": [
            0.07958089702509463,
            -0.014125561101176576,
            0.004922091240379151
        ],
        "point_untransformed": [
            0.8979044851254732,
            0.4293721944941171,
            0.5246104562018957
        ]
    },
    "ncall": 11106,
    "paramnames": [
        "k1",
        "k2",
        "k3"
    ],
    "logzerr_single": 0.17431915031678408,
    "insertion_order_MWW_test": {
        "independent_iterations": Infinity,
        "converged": true
    }
}