{
    "niter": 7397,
    "logz": -275976.50668010314,
    "logzerr": 0.4913578246618418,
    "logz_bs": -275976.48972218035,
    "logz_single": -275976.50668010314,
    "logzerr_tail": 0.009932588145602494,
    "logzerr_bs": 0.4912574228947051,
    "ess": 1616.642156699561,
    "H": 13.96398496918846,
    "Herr": 0.19149389036896325,
    "posterior": {
        "mean": [
            0.06273325156705294,
            -0.007171982204739132,
            0.001695170663680042
        ],
        "stdev": [
            0.0005324874061089187,
            0.0005708924672134389,
            0.0005543889216822649
        ],
        "median": [
            0.06272526803921685,
            -0.007168842072424464,
            0.0017018943334833336
        ],
        "errlo": [
            0.062212419816754155,
            -0.0077656423294549665,
            0.0011394804213522985
        ],
        "errup": [
            0.06328008804824284,
            -0.0066141924912374445,
            0.00224098461521241
        ],
        "information_gain_bits": [
            3.949355369151732,
            3.8328920659857415,
            3.872826129153576
        ]
    },
    "maximum_likelihood": {
        "logl": -275961.07213108614,
        "point": [
            0.06273807840092707,
            -0.00717429515318134,
            0.001704812412597484
        ],
        "point_untransformed": [
            0.8136903920046353,
            0.4641285242340933,
            0.5085240620629874
        ]
    },
    "ncall": 12080,
    "paramnames": [
        "k1",
        "k2",
        "k3"
    ],
    "logzerr_single": 0.18684207883389423,
    "insertion_order_MWW_test": {
        "independent_iterations": Infinity,
        "converged": true
    }
}