{
    "niter": 6450,
    "logz": -70482.8488756317,
    "logzerr": 0.20488165483320817,
    "logz_bs": -70482.8915651966,
    "logz_single": -70482.8488756317,
    "logzerr_tail": 0.009942240692907944,
    "logzerr_bs": 0.20464028033893555,
    "ess": 1598.7663737545356,
    "H": 11.443560817613616,
    "Herr": 0.10470964681595217,
    "posterior": {
        "mean": [
            0.06367808618647539,
            -0.01084366703339109,
            0.0025705220133636986
        ],
        "stdev": [
            0.0010472585204544095,
            0.0011309476809961527,
            0.001075026739120653
        ],
        "median": [
            0.06365720857595517,
            -0.010818466766551155,
            0.002617527361800265
        ],
        "errlo": [
            0.06261648083999863,
            -0.011999472510625608,
            0.001491729207718756
        ],
        "errup": [
            0.06475572917540053,
            -0.009700012030732036,
            0.0036112045078142974
        ],
        "information_gain_bits": [
            3.805550448853796,
            3.7173866776176565,
            3.8094558852538527
        ]
    },
    "maximum_likelihood": {
        "logl": -70469.9482938079,
        "point": [
            0.06364259946425521,
            -0.010806841462488129,
            0.002581457576969856
        ],
        "point_untransformed": [
            0.8182129973212761,
            0.44596579268755937,
            0.5129072878848493
        ]
    },
    "ncall": 10876,
    "paramnames": [
        "k1",
        "k2",
        "k3"
    ],
    "logzerr_single": 0.16914166265008168,
    "insertion_order_MWW_test": {
        "independent_iterations": Infinity,
        "converged": true
    }
}