{
    "niter": 7018,
    "logz": -198070.70244637763,
    "logzerr": 0.3199517627504666,
    "logz_bs": -198070.71583326205,
    "logz_single": -198070.70244637763,
    "logzerr_tail": 0.009936714865034446,
    "logzerr_bs": 0.31979742366820574,
    "ess": 1646.4822546074358,
    "H": 13.63869076530682,
    "Herr": 0.1165022467045961,
    "posterior": {
        "mean": [
            0.07915309166975448,
            -0.01315421737735917,
            0.0041122606776697775
        ],
        "stdev": [
            0.000631942260756498,
            0.0006875154026623492,
            0.0006609591878825318
        ],
        "median": [
            0.07914503910690629,
            -0.013152991602234022,
            0.0041132295125911045
        ],
        "errlo": [
            0.07851836191900372,
            -0.013858362935174257,
            0.0034466204007601864
        ],
        "errup": [
            0.07977570068500425,
            -0.012472594998372652,
            0.004764908806622587
        ],
        "information_gain_bits": [
            3.821161137242181,
            3.8210075744058627,
            3.930936474262324
        ]
    },
    "maximum_likelihood": {
        "logl": -198055.46298291918,
        "point": [
            0.07913987919820362,
            -0.013183799855238848,
            0.004093283392584218
        ],
        "point_untransformed": [
            0.8956993959910181,
            0.43408100072380573,
            0.5204664169629211
        ]
    },
    "ncall": 11772,
    "paramnames": [
        "k1",
        "k2",
        "k3"
    ],
    "logzerr_single": 0.1846529905343183,
    "insertion_order_MWW_test": {
        "independent_iterations": Infinity,
        "converged": true
    }
}