,M,plusM,minusM,NF,logZ,logZerr
0,38.192550677721016,0.29622244491885397,0.2800433294216873,3,-278563.70022112527,0.18986847654849198
