{
    "niter": 7148,
    "logz": -139910.761367742,
    "logzerr": 0.32794802102316395,
    "logz_bs": -139910.79403886842,
    "logz_single": -139910.761367742,
    "logzerr_tail": 0.009935369685990736,
    "logzerr_bs": 0.3277974876691587,
    "ess": 1598.0059390085373,
    "H": 16.37615570417256,
    "Herr": 0.1442929500579585,
    "posterior": {
        "mean": [
            0.07949077809135104,
            -0.014636878467751167,
            0.005388964723104261,
            -0.0013711687970185673
        ],
        "stdev": [
            0.0007295592415748079,
            0.0008118589201474709,
            0.0007993080017672739,
            0.0007828439686896343
        ],
        "median": [
            0.07949286813869172,
            -0.01464961647017654,
            0.005386268429323687,
            -0.001373423190207973
        ],
        "errlo": [
            0.0787708404439629,
            -0.015421623460328354,
            0.00459038019352824,
            -0.002163934349031907
        ],
        "errup": [
            0.08022960707193885,
            -0.0138248923699502,
            0.006211785142848328,
            -0.0005815511944950169
        ],
        "information_gain_bits": [
            3.81519691891675,
            3.9166656042755066,
            3.9133482781941,
            3.863132815237732
        ]
    },
    "maximum_likelihood": {
        "logl": -139892.32929770512,
        "point": [
            0.07951570158953922,
            -0.014586289745101108,
            0.0054130143757316895,
            -0.0013252819976595914
        ],
        "point_untransformed": [
            0.8975785079476961,
            0.42706855127449445,
            0.5270650718786585,
            0.49337359001170206
        ]
    },
    "ncall": 14832,
    "paramnames": [
        "k1",
        "k2",
        "k3",
        "k4"
    ],
    "logzerr_single": 0.2023373155412303,
    "insertion_order_MWW_test": {
        "independent_iterations": Infinity,
        "converged": true
    }
}