{
    "niter": 6048,
    "logz": -70543.31368262187,
    "logzerr": 0.4247648599227448,
    "logz_bs": -70543.3360187834,
    "logz_single": -70543.31368262187,
    "logzerr_tail": 0.009940745163476095,
    "logzerr_bs": 0.4246485226758523,
    "ess": 1281.0642737388755,
    "H": 19.08269413074595,
    "Herr": 0.18162321087885888,
    "posterior": {
        "mean": [
            0.07959983492715679,
            -0.018749820569257256,
            0.006445336298214187,
            -0.0014096892961312669,
            -0.0003713536772686662
        ],
        "stdev": [
            0.0009475460917762968,
            0.0011131323166093398,
            0.001130019229453154,
            0.001112236876436192,
            0.0010498352597882476
        ],
        "median": [
            0.07962292760797694,
            -0.018722894261450435,
            0.006442408889106077,
            -0.001412641974207915,
            -0.0003326479978520286
        ],
        "errlo": [
            0.07868418853765752,
            -0.019744453679609447,
            0.005249700798234877,
            -0.0025187714853024123,
            -0.0013996072068194563
        ],
        "errup": [
            0.0805135690071257,
            -0.017634087036040663,
            0.007585689141265631,
            -0.0002625558101087555,
            0.000681574227181847
        ],
        "information_gain_bits": [
            3.8138775385396797,
            3.785217224888868,
            3.752933891889362,
            3.7710465700174356,
            3.733362592114547
        ]
    },
    "maximum_likelihood": {
        "logl": -70521.84602613965,
        "point": [
            0.0796520286763491,
            -0.018749456929242375,
            0.0065930770225977875,
            -0.0013236514778365016,
            -0.0005543535260435911
        ],
        "point_untransformed": [
            0.8982601433817455,
            0.40625271535378815,
            0.532965385112989,
            0.4933817426108175,
            0.49722823236978203
        ]
    },
    "ncall": 17943,
    "paramnames": [
        "k1",
        "k2",
        "k3",
        "k4",
        "k5"
    ],
    "logzerr_single": 0.21841871560574858,
    "insertion_order_MWW_test": {
        "independent_iterations": Infinity,
        "converged": true
    }
}