{
    "niter": 6833,
    "logz": -107702.48000182504,
    "logzerr": 0.39124804313441863,
    "logz_bs": -107702.51041070968,
    "logz_single": -107702.48000182504,
    "logzerr_tail": 0.009939476498402655,
    "logzerr_bs": 0.39112176884373184,
    "ess": 1544.1362197298117,
    "H": 16.051348782944842,
    "Herr": 0.17374110707045282,
    "posterior": {
        "mean": [
            0.06363777440064307,
            -0.009128330109432118,
            0.0019570497128585302,
            -0.0008650955623802807
        ],
        "stdev": [
            0.000888363476800032,
            0.0009066757945867761,
            0.0009228895554792199,
            0.0009106746911314524
        ],
        "median": [
            0.06364900164885465,
            -0.009125937508804555,
            0.001979768869745019,
            -0.0008970061279002517
        ],
        "errlo": [
            0.0627351721329476,
            -0.010015116517278572,
            0.000997723294103262,
            -0.001801009589323957
        ],
        "errup": [
            0.0645516033104426,
            -0.008220682196109386,
            0.002886566697633944,
            4.993940440882623e-05
        ],
        "information_gain_bits": [
            3.8212216489132076,
            3.851778046086834,
            3.825654543213015,
            3.859052585338132
        ]
    },
    "maximum_likelihood": {
        "logl": -107684.41559470042,
        "point": [
            0.06369810099019488,
            -0.009096372967843852,
            0.001934965385050405,
            -0.0008640899319155293
        ],
        "point_untransformed": [
            0.8184905049509743,
            0.4545181351607807,
            0.509674826925252,
            0.4956795503404224
        ]
    },
    "ncall": 14320,
    "paramnames": [
        "k1",
        "k2",
        "k3",
        "k4"
    ],
    "logzerr_single": 0.20032067281576832,
    "insertion_order_MWW_test": {
        "independent_iterations": Infinity,
        "converged": true
    }
}