,M,plusM,minusM,NF,logZ,logZerr
0,16.2176971934616,0.18579927289850673,0.1897782490476949,4,-103887.2410891781,0.41891547607411833
