{
    "niter": 7679,
    "logz": -211910.75356553105,
    "logzerr": 0.39640005372650383,
    "logz_bs": -211910.77127676335,
    "logz_single": -211910.75356553105,
    "logzerr_tail": 0.00992847402812913,
    "logzerr_bs": 0.3962756969558541,
    "ess": 1624.5868999529705,
    "H": 17.684112487419043,
    "Herr": 0.16907954720345925,
    "posterior": {
        "mean": [
            0.07956743958975705,
            -0.01556464846069278,
            0.00472021880401528,
            -0.0022864815292285793
        ],
        "stdev": [
            0.0005973783230656366,
            0.0006508101376356775,
            0.0006577398720331328,
            0.000616402285526958
        ],
        "median": [
            0.07955755520337127,
            -0.015590018218809676,
            0.00472765842584047,
            -0.002307139016448273
        ],
        "errlo": [
            0.078963682052166,
            -0.016214488826940543,
            0.0040726960973183485,
            -0.0028863675988789056
        ],
        "errup": [
            0.08017585403555372,
            -0.01490949282285968,
            0.0054048384318490655,
            -0.0016752094974060994
        ],
        "information_gain_bits": [
            3.8154822168095697,
            4.090747751067077,
            4.0447401947872805,
            3.8192873252348902
        ]
    },
    "maximum_likelihood": {
        "logl": -211891.05290189298,
        "point": [
            0.07960129365966481,
            -0.015624053880911093,
            0.004652310070289947,
            -0.0023473317261258897
        ],
        "point_untransformed": [
            0.8980064682983241,
            0.42187973059544454,
            0.5232615503514497,
            0.48826334136937055
        ]
    },
    "ncall": 15640,
    "paramnames": [
        "k1",
        "k2",
        "k3",
        "k4"
    ],
    "logzerr_single": 0.2102624103793819,
    "insertion_order_MWW_test": {
        "independent_iterations": Infinity,
        "converged": true
    }
}