,M,plusM,minusM,NF,logZ,logZerr
0,8.000849038075465,0.1918059025255161,0.18465015160817444,5,-71773.86804600708,0.49590175055262997
