,M,plusM,minusM,NF,logZ,logZerr
0,19.81206295320994,0.21919440802976453,0.23350934944236457,3,-113099.44018743854,0.2843364960438851
