{
    "niter": 6946,
    "logz": -172538.88096928832,
    "logzerr": 0.34475162429237916,
    "logz_bs": -172538.87067225677,
    "logz_single": -172538.88096928832,
    "logzerr_tail": 0.009941552561940625,
    "logzerr_bs": 0.34460825292626396,
    "ess": 1628.938887090552,
    "H": 12.738682045746827,
    "Herr": 0.1255444309793895,
    "posterior": {
        "mean": [
            0.07945319384252317,
            -0.013413896076309202,
            0.004269301912333966
        ],
        "stdev": [
            0.0006570530059719887,
            0.0007082833099829784,
            0.0006887511865832281
        ],
        "median": [
            0.07946918467455741,
            -0.013418026441698289,
            0.004283688328849691
        ],
        "errlo": [
            0.07879756328831652,
            -0.014120040059411601,
            0.0035641543673214917
        ],
        "errup": [
            0.08009784469711528,
            -0.012681023232586089,
            0.0049656409604996316
        ],
        "information_gain_bits": [
            3.815210873506272,
            3.831219277522464,
            3.9558287024489456
        ]
    },
    "maximum_likelihood": {
        "logl": -172524.6753548883,
        "point": [
            0.07945517906599261,
            -0.013431305733167004,
            0.004239807800028306
        ],
        "point_untransformed": [
            0.8972758953299631,
            0.432843471334165,
            0.5211990390001415
        ]
    },
    "ncall": 11359,
    "paramnames": [
        "k1",
        "k2",
        "k3"
    ],
    "logzerr_single": 0.17845645159076504,
    "insertion_order_MWW_test": {
        "independent_iterations": Infinity,
        "converged": true
    }
}