,M,plusM,minusM,NF,logZ,logZerr
0,28.797093177350455,0.3901741264076932,0.40054068048869595,5,-283973.64114140987,0.4762605880811099
