,M,plusM,minusM,NF,logZ,logZerr
0,11.134537413133195,0.18952430290613265,0.18550841637405213,3,-105689.7216030062,0.34714678743878163
