,M,plusM,minusM,NF,logZ,logZerr
0,42.78058031565858,0.3976534159605123,0.377223981784077,3,-423149.63917019207,0.42523552327130315
