{
    "niter": 7222,
    "logz": -408579.29458433203,
    "logzerr": 0.6025081620521776,
    "logz_bs": -408579.2097879323,
    "logz_single": -408579.29458433203,
    "logzerr_tail": 0.009938290808349848,
    "logzerr_bs": 0.6024261910934001,
    "ess": 1310.0147491744494,
    "H": 23.764648034819402,
    "Herr": 0.21776627503170745,
    "posterior": {
        "mean": [
            0.07853631525787867,
            -0.011777770759252236,
            0.002970204730057374,
            -0.0009430641076195547,
            0.00042655065803760936
        ],
        "stdev": [
            0.0004155487291984772,
            0.00045563317485190384,
            0.00045489345783891364,
            0.000462493688010348,
            0.0004481666947654832
        ],
        "median": [
            0.07853777932151032,
            -0.01176117492062044,
            0.0029815023787907596,
            -0.0009556538831850397,
            0.00042499619956956614
        ],
        "errlo": [
            0.07813627619001573,
            -0.012232358010540748,
            0.0025082611203615934,
            -0.0014091542969273257,
            -2.5661290929859804e-05
        ],
        "errup": [
            0.07894211173732166,
            -0.011314806693566506,
            0.0034148202866353394,
            -0.00046553175136500313,
            0.0008599047646737634
        ],
        "information_gain_bits": [
            3.9217431696021787,
            3.934141461115892,
            3.8337957255122435,
            4.048854112456128,
            4.14539396923984
        ]
    },
    "maximum_likelihood": {
        "logl": -408553.14229786413,
        "point": [
            0.07846671819528606,
            -0.011797627618064577,
            0.002975381521858389,
            -0.0010111839488635421,
            0.0005053899744723866
        ],
        "point_untransformed": [
            0.8923335909764303,
            0.4410118619096771,
            0.514876907609292,
            0.4949440802556823,
            0.5025269498723619
        ]
    },
    "ncall": 20888,
    "paramnames": [
        "k1",
        "k2",
        "k3",
        "k4",
        "k5"
    ],
    "logzerr_single": 0.24374498987066073,
    "insertion_order_MWW_test": {
        "independent_iterations": Infinity,
        "converged": true
    }
}