{
    "niter": 6224,
    "logz": -141343.44676196433,
    "logzerr": 0.4570005626056431,
    "logz_bs": -141343.43938787509,
    "logz_single": -141343.44676196433,
    "logzerr_tail": 0.009935976675478742,
    "logzerr_bs": 0.4568925372441299,
    "ess": 1284.716057900006,
    "H": 20.833124125230825,
    "Herr": 0.2176223484384147,
    "posterior": {
        "mean": [
            0.06358754440489886,
            -0.007951900497998656,
            0.0018006410164048152,
            -0.0003692038403164465,
            0.000255204088040036
        ],
        "stdev": [
            0.0007523386704970517,
            0.0007991603267386391,
            0.0007982578021484588,
            0.0007813241945082875,
            0.000778930453313824
        ],
        "median": [
            0.06357203272424813,
            -0.007961640787954555,
            0.0017968843716821697,
            -0.000360126890675716,
            0.00025419073315983975
        ],
        "errlo": [
            0.06288157859399843,
            -0.008725314779387094,
            0.0010297739529501887,
            -0.001181417531812362,
            -0.0004948990958915325
        ],
        "errup": [
            0.06430730593541598,
            -0.007168153394498528,
            0.0026013122597648153,
            0.00041060997393967125,
            0.0010559423954835682
        ],
        "information_gain_bits": [
            3.825828751499637,
            3.8179791943497023,
            3.8366546289865844,
            3.892538145620319,
            3.9220623781185826
        ]
    },
    "maximum_likelihood": {
        "logl": -141320.16570733325,
        "point": [
            0.06349318776147106,
            -0.008059607397677776,
            0.0017988973042517842,
            -0.00023884095322501686,
            0.00033227176006185577
        ],
        "point_untransformed": [
            0.8174659388073553,
            0.45970196301161115,
            0.5089944865212589,
            0.4988057952338749,
            0.5016613588003093
        ]
    },
    "ncall": 18182,
    "paramnames": [
        "k1",
        "k2",
        "k3",
        "k4",
        "k5"
    ],
    "logzerr_single": 0.22821658641097292,
    "insertion_order_MWW_test": {
        "independent_iterations": Infinity,
        "converged": true
    }
}