,M,plusM,minusM,NF,logZ,logZerr
0,29.19040688180393,0.34074504008415474,0.3361284575528174,4,-339075.04526487604,0.2738747047922189
