,M,plusM,minusM,NF,logZ,logZerr
0,15.527688135336572,0.14231564470572522,0.14941643905097024,5,-211913.4033808246,0.3408483805805976
