,M,plusM,minusM,NF,logZ,logZerr
0,29.207106952325624,0.3936448481821131,0.3924172585076846,5,-282197.4282182848,0.5944360921405959
