,M,plusM,minusM,NF,logZ,logZerr
0,11.220141663452228,0.21729186607897333,0.22250508441017658,4,-105693.89831747711,0.3340414206863275
