,M,plusM,minusM,NF,logZ,logZerr
0,7.797834418888819,0.1991275334380429,0.19451347273682096,5,-70490.41019484177,0.4534718625458978
