,M,plusM,minusM,NF,logZ,logZerr
0,9.667082425199164,0.1234293245691589,0.1118112537387912,2,-70672.96132065218,0.2611140628853974
