{
    "niter": 6730,
    "logz": -107734.46005234704,
    "logzerr": 0.2531785672096309,
    "logz_bs": -107734.46973494129,
    "logz_single": -107734.46005234704,
    "logzerr_tail": 0.009950777297490276,
    "logzerr_bs": 0.2529829419654561,
    "ess": 1576.022822262048,
    "H": 12.284376414507278,
    "Herr": 0.13529181341730492,
    "posterior": {
        "mean": [
            0.06363185758333607,
            -0.007455950377892407,
            0.0017926059855543678
        ],
        "stdev": [
            0.0008507656293649332,
            0.0008952619609165118,
            0.0008642749156980288
        ],
        "median": [
            0.06363484759870805,
            -0.007459081505007209,
            0.0017870819376233499
        ],
        "errlo": [
            0.06277351667056358,
            -0.008354713645298426,
            0.0009288791764057586
        ],
        "errup": [
            0.06449449609244359,
            -0.006569830139750288,
            0.0026527317145899343
        ],
        "information_gain_bits": [
            3.822060348375024,
            3.8168606092738098,
            3.8319818323451957
        ]
    },
    "maximum_likelihood": {
        "logl": -107720.76278174201,
        "point": [
            0.06366784462264075,
            -0.007453693041491655,
            0.0017767363985705248
        ],
        "point_untransformed": [
            0.8183392231132037,
            0.4627315347925417,
            0.5088836819928526
        ]
    },
    "ncall": 10932,
    "paramnames": [
        "k1",
        "k2",
        "k3"
    ],
    "logzerr_single": 0.17524537379419805,
    "insertion_order_MWW_test": {
        "independent_iterations": Infinity,
        "converged": true
    }
}