{
    "niter": 5794,
    "logz": -113110.71070016258,
    "logzerr": 0.21543628670325846,
    "logz_bs": -113110.68723073442,
    "logz_single": -113110.71070016258,
    "logzerr_tail": 0.009940098316292278,
    "logzerr_bs": 0.21520684950519353,
    "ess": 1531.6036169378008,
    "H": 8.42637546408514,
    "Herr": 0.09157785149315605,
    "posterior": {
        "mean": [
            0.07973036241960073,
            -0.01565249625563841
        ],
        "stdev": [
            0.0007994835368427202,
            0.0008359826242471798
        ],
        "median": [
            0.07969811722750542,
            -0.015671165165370204
        ],
        "errlo": [
            0.07893423372563702,
            -0.016481898602885403
        ],
        "errup": [
            0.08053852460158967,
            -0.014833287761668326
        ],
        "information_gain_bits": [
            3.8173688831778336,
            3.8493271610420163
        ]
    },
    "maximum_likelihood": {
        "logl": -113101.3029950237,
        "point": [
            0.0797258674070774,
            -0.015649559890667103
        ],
        "point_untransformed": [
            0.8986293370353869,
            0.42175220054666446
        ]
    },
    "ncall": 7560,
    "paramnames": [
        "k1",
        "k2"
    ],
    "logzerr_single": 0.14514109914222384,
    "insertion_order_MWW_test": {
        "independent_iterations": Infinity,
        "converged": true
    }
}