"k1_mean", "k1_stdev", "k1_median", "k1_errlo", "k1_errup", "k2_mean", "k2_stdev", "k2_median", "k2_errlo", "k2_errup", "k3_mean", "k3_stdev", "k3_median", "k3_errlo", "k3_errup"
6.367378881490722009e-02,-9.632817569082165188e-03,3.023372950021870932e-03,7.707127750218840207e-04,7.950408536331540765e-04,7.817336469542433830e-04,6.368423111256302227e-02,-9.639399876482435126e-03,3.021910467396277111e-03,6.285320708047141547e-02,-1.043544463444252834e-02,2.235913473970826959e-03,6.445108101889127084e-02,-8.839252955999476330e-03,3.806173589922184387e-03
