"k1_mean", "k1_stdev", "k1_median", "k1_errlo", "k1_errup", "k2_mean", "k2_stdev", "k2_median", "k2_errlo", "k2_errup", "k3_mean", "k3_stdev", "k3_median", "k3_errlo", "k3_errup"
6.365622655321133416e-02,-9.560832507074751990e-03,2.449730289697389131e-03,1.060611968157842673e-03,1.132344432495452835e-03,1.114063820795515962e-03,6.367483340615684440e-02,-9.568451774781702723e-03,2.433637864031196196e-03,6.254321763668521661e-02,-1.070448228034753292e-02,1.327911849458990323e-03,6.472602619781490929e-02,-8.417308443088744596e-03,3.629718584662300872e-03
