{
    "niter": 6449,
    "logz": -73227.52664831978,
    "logzerr": 0.23927011804031176,
    "logz_bs": -73227.52441577544,
    "logz_single": -73227.52664831978,
    "logzerr_tail": 0.009944194185663946,
    "logzerr_bs": 0.2390633857139619,
    "ess": 1662.820066149738,
    "H": 11.450344119701185,
    "Herr": 0.14064273362252105,
    "posterior": {
        "mean": [
            0.06365622655321133,
            -0.009560832507074752,
            0.002449730289697389
        ],
        "stdev": [
            0.0010606119681578427,
            0.0011323444324954528,
            0.001114063820795516
        ],
        "median": [
            0.06367483340615684,
            -0.009568451774781703,
            0.002433637864031196
        ],
        "errlo": [
            0.06254321763668522,
            -0.010704482280347533,
            0.0013279118494589903
        ],
        "errup": [
            0.06472602619781491,
            -0.008417308443088745,
            0.003629718584662301
        ],
        "information_gain_bits": [
            3.815989659195195,
            3.7177446380442927,
            3.812705672942735
        ]
    },
    "maximum_likelihood": {
        "logl": -73214.52813572105,
        "point": [
            0.06370607301909004,
            -0.00964943030200864,
            0.002521264368871609
        ],
        "point_untransformed": [
            0.8185303650954502,
            0.4517528484899568,
            0.5126063218443581
        ]
    },
    "ncall": 10810,
    "paramnames": [
        "k1",
        "k2",
        "k3"
    ],
    "logzerr_single": 0.1691917855548932,
    "insertion_order_MWW_test": {
        "independent_iterations": Infinity,
        "converged": true
    }
}