{
    "niter": 6896,
    "logz": -146438.49789027302,
    "logzerr": 0.36482682023589175,
    "logz_bs": -146438.45382538755,
    "logz_single": -146438.49789027302,
    "logzerr_tail": 0.009931920358212665,
    "logzerr_bs": 0.36469160357955843,
    "ess": 1687.8392987875334,
    "H": 12.393160549196182,
    "Herr": 0.12371382566703969,
    "posterior": {
        "mean": [
            0.06367378881490722,
            -0.009632817569082165,
            0.003023372950021871
        ],
        "stdev": [
            0.000770712775021884,
            0.0007950408536331541,
            0.0007817336469542434
        ],
        "median": [
            0.06368423111256302,
            -0.009639399876482435,
            0.003021910467396277
        ],
        "errlo": [
            0.06285320708047142,
            -0.010435444634442528,
            0.002235913473970827
        ],
        "errup": [
            0.06445108101889127,
            -0.008839252955999476,
            0.0038061735899221844
        ],
        "information_gain_bits": [
            3.8224126489532315,
            3.913737460531362,
            3.822825879657042
        ]
    },
    "maximum_likelihood": {
        "logl": -146424.54314962085,
        "point": [
            0.06367325944729824,
            -0.00959478135296779,
            0.003044783874159143
        ],
        "point_untransformed": [
            0.8183662972364911,
            0.4520260932351611,
            0.5152239193707957
        ]
    },
    "ncall": 11555,
    "paramnames": [
        "k1",
        "k2",
        "k3"
    ],
    "logzerr_single": 0.17601960508133876,
    "insertion_order_MWW_test": {
        "independent_iterations": Infinity,
        "converged": true
    }
}