{
    "niter": 6502,
    "logz": -73227.6821674356,
    "logzerr": 0.24124002136808967,
    "logz_bs": -73227.66292148143,
    "logz_single": -73227.6821674356,
    "logzerr_tail": 0.009947190759703517,
    "logzerr_bs": 0.2410348549601622,
    "ess": 1675.4537082315308,
    "H": 11.597693037692807,
    "Herr": 0.11590255448800162,
    "posterior": {
        "mean": [
            0.06368363361529773,
            -0.0096255149950068,
            0.0024819626499541065
        ],
        "stdev": [
            0.0010777290322598085,
            0.0011358460107113485,
            0.0010958031246255777
        ],
        "median": [
            0.06369332333077021,
            -0.009646563615009311,
            0.0024695774286125627
        ],
        "errlo": [
            0.06260960880465424,
            -0.010761741222189064,
            0.001371678583439448
        ],
        "errup": [
            0.06476209001854663,
            -0.00851055809095555,
            0.003582032442159974
        ],
        "information_gain_bits": [
            3.812677996096076,
            3.724784517009601,
            3.8125522798289455
        ]
    },
    "maximum_likelihood": {
        "logl": -73214.52794234922,
        "point": [
            0.06373709747809794,
            -0.009614514354442535,
            0.002472329827198541
        ],
        "point_untransformed": [
            0.8186854873904897,
            0.4519274282277873,
            0.5123616491359927
        ]
    },
    "ncall": 10621,
    "paramnames": [
        "k1",
        "k2",
        "k3"
    ],
    "logzerr_single": 0.17027692913084855,
    "insertion_order_MWW_test": {
        "independent_iterations": Infinity,
        "converged": true
    }
}