{
    "niter": 6058,
    "logz": -172544.70306583022,
    "logzerr": 0.5217786800639442,
    "logz_bs": -172544.67059169375,
    "logz_single": -172544.70306583022,
    "logzerr_tail": 0.009915172558976337,
    "logzerr_bs": 0.5216844643291552,
    "ess": 1209.1747148583554,
    "H": 21.31659120504628,
    "Herr": 0.2080197887919408,
    "posterior": {
        "mean": [
            0.07940495239243896,
            -0.013333029488184706,
            0.003711415281143479,
            -0.0016768072564209908,
            0.00044499568614698846
        ],
        "stdev": [
            0.0006598902666848557,
            0.000726625859375405,
            0.0007093333808010976,
            0.0007190191064107423,
            0.0006839603351445644
        ],
        "median": [
            0.07940426441288552,
            -0.013319727451797464,
            0.003686467155069692,
            -0.0016583194050891273,
            0.00045597213320185126
        ],
        "errlo": [
            0.07874150332309486,
            -0.014050779277873963,
            0.003027552535631088,
            -0.0023842064938231766,
            -0.0002603358472594852
        ],
        "errup": [
            0.08005341091007978,
            -0.012586388055862624,
            0.0044061018923003195,
            -0.0009556154237694643,
            0.0011217417598772678
        ],
        "information_gain_bits": [
            3.8155705148469967,
            3.8255505207509413,
            3.874488507564578,
            3.8486782404414837,
            3.9886391492938196
        ]
    },
    "maximum_likelihood": {
        "logl": -172520.89135921607,
        "point": [
            0.07938688154335743,
            -0.013446193175792848,
            0.003710471826389908,
            -0.0017467451405722562,
            0.0005776593905985755
        ],
        "point_untransformed": [
            0.8969344077167871,
            0.4327690341210358,
            0.5185523591319495,
            0.4912662742971387,
            0.5028882969529929
        ]
    },
    "ncall": 17981,
    "paramnames": [
        "k1",
        "k2",
        "k3",
        "k4",
        "k5"
    ],
    "logzerr_single": 0.23084947046206472,
    "insertion_order_MWW_test": {
        "independent_iterations": Infinity,
        "converged": true
    }
}