{
    "niter": 7079,
    "logz": -70539.18173464519,
    "logzerr": 0.2629226760579971,
    "logz_bs": -70539.16600320848,
    "logz_single": -70539.18173464519,
    "logzerr_tail": 0.009945801066351123,
    "logzerr_bs": 0.26273449455038644,
    "ess": 1703.0085078930542,
    "H": 15.197364927938906,
    "Herr": 0.1106365575653861,
    "posterior": {
        "mean": [
            0.07961108217596484,
            -0.018772705859361357,
            0.006501491941069405,
            -0.0012842431208008199
        ],
        "stdev": [
            0.0010249354668474082,
            0.0011353785009025192,
            0.0011759858352648354,
            0.0011108378562274229
        ],
        "median": [
            0.07963423400494304,
            -0.018771367433409472,
            0.006478351776364952,
            -0.001241546300887575
        ],
        "errlo": [
            0.07860299815975005,
            -0.01991751453983548,
            0.005322640579585938,
            -0.0023916964306407162
        ],
        "errup": [
            0.08061519257551497,
            -0.01760375393896993,
            0.007677433202494588,
            -0.0002056051184727813
        ],
        "information_gain_bits": [
            3.8154128034231225,
            3.7720701557115333,
            3.7441183464797505,
            3.783102173077722
        ]
    },
    "maximum_likelihood": {
        "logl": -70521.89393525901,
        "point": [
            0.07958260082133248,
            -0.018630747895630892,
            0.006481800709531971,
            -0.0013069246341912144
        ],
        "point_untransformed": [
            0.8979130041066623,
            0.4068462605218455,
            0.5324090035476599,
            0.4934653768290439
        ]
    },
    "ncall": 14892,
    "paramnames": [
        "k1",
        "k2",
        "k3",
        "k4"
    ],
    "logzerr_single": 0.19491898912073,
    "insertion_order_MWW_test": {
        "independent_iterations": Infinity,
        "converged": true
    }
}