,M,plusM,minusM,NF,logZ,logZerr
0,28.309620507858064,0.27361045544728313,0.2851799652495046,2,-283961.5228796818,0.21455644934419818
