,M,plusM,minusM,NF,logZ,logZerr
0,7.843762583233092,0.16251011451685748,0.16968362504593237,4,-70486.48957999314,0.2591085789351746
