{
    "niter": 5933,
    "logz": -282186.2560572445,
    "logzerr": 0.2635404751662078,
    "logz_bs": -282186.2212442946,
    "logz_single": -282186.2560572445,
    "logzerr_tail": 0.009928612620569766,
    "logzerr_bs": 0.2633533836924471,
    "ess": 1557.4845526990398,
    "H": 8.772185268637259,
    "Herr": 0.10056249993794737,
    "posterior": {
        "mean": [
            0.06326919224152261,
            -0.00783191804736364
        ],
        "stdev": [
            0.0005593851863137001,
            0.0005560857647449018
        ],
        "median": [
            0.06328142220134972,
            -0.007823041105778278
        ],
        "errlo": [
            0.06271360432848007,
            -0.008380337191126144
        ],
        "errup": [
            0.06384097589992441,
            -0.007272281017355012
        ],
        "information_gain_bits": [
            3.865775955888165,
            3.8164644311767555
        ]
    },
    "maximum_likelihood": {
        "logl": -282176.44812752435,
        "point": [
            0.0632480741149885,
            -0.007829494128215334
        ],
        "point_untransformed": [
            0.8162403705749425,
            0.46085252935892335
        ]
    },
    "ncall": 7655,
    "paramnames": [
        "k1",
        "k2"
    ],
    "logzerr_single": 0.14808937562024208,
    "insertion_order_MWW_test": {
        "independent_iterations": Infinity,
        "converged": true
    }
}