,M,plusM,minusM,NF,logZ,logZerr
0,29.227058310000757,0.33897398735473416,0.3824161115682827,5,-339080.1962105474,0.6320443567495946
