,M,plusM,minusM,NF,logZ,logZerr
0,10.936636465991459,0.18175719918348854,0.2021340869049446,2,-84147.36164751704,0.20195258154898044
