{
    "niter": 5362,
    "logz": -84147.36164751704,
    "logzerr": 0.20195258154898044,
    "logz_bs": -84147.38402637167,
    "logz_single": -84147.36164751704,
    "logzerr_tail": 0.009949516810593195,
    "logzerr_bs": 0.20170734322164208,
    "ess": 1507.9930010714781,
    "H": 7.62726852929336,
    "Herr": 0.10821589510953239,
    "posterior": {
        "mean": [
            0.06371647663426648,
            -0.008750134920466964
        ],
        "stdev": [
            0.000988937571423754,
            0.0009879547202636659
        ],
        "median": [
            0.0637231653121802,
            -0.008737425706993249
        ],
        "errlo": [
            0.06271147434349211,
            -0.009694628761243912
        ],
        "errup": [
            0.06470177365629579,
            -0.007791611632326792
        ],
        "information_gain_bits": [
            3.818719043015596,
            3.814365167567556
        ]
    },
    "maximum_likelihood": {
        "logl": -84138.74138481883,
        "point": [
            0.06366581846844085,
            -0.008786218312401145
        ],
        "point_untransformed": [
            0.8183290923422042,
            0.45606890843799425
        ]
    },
    "ncall": 7048,
    "paramnames": [
        "k1",
        "k2"
    ],
    "logzerr_single": 0.13808754948666951,
    "insertion_order_MWW_test": {
        "independent_iterations": Infinity,
        "converged": true
    }
}