,M,plusM,minusM,NF,logZ,logZerr
0,15.30868652614754,0.24082089828128872,0.25067169011172297,4,-140995.41996140563,0.4369478797372319
