{
    "niter": 6892,
    "logz": -172387.93283941998,
    "logzerr": 0.21429364278962634,
    "logz_bs": -172387.93891305636,
    "logz_single": -172387.93283941998,
    "logzerr_tail": 0.009933396300766617,
    "logzerr_bs": 0.2140632919908967,
    "ess": 1649.2544446897043,
    "H": 12.631732443347573,
    "Herr": 0.11769953975983666,
    "posterior": {
        "mean": [
            0.06353435702222811,
            -0.007237024801574248,
            0.001426334265919273
        ],
        "stdev": [
            0.0006904766883399785,
            0.0007157859935260687,
            0.000695173908083481
        ],
        "median": [
            0.06353359865183114,
            -0.007233956881609105,
            0.0014171496128558003
        ],
        "errlo": [
            0.06285120066518837,
            -0.007921673441964677,
            0.0007261678527955284
        ],
        "errup": [
            0.06423840714268542,
            -0.006526002303235699,
            0.0021025594073292853
        ],
        "information_gain_bits": [
            3.830093633457194,
            3.8253255560582584,
            3.8724592717816373
        ]
    },
    "maximum_likelihood": {
        "logl": -172373.8285151334,
        "point": [
            0.0635587071129464,
            -0.007228643818557118,
            0.0013950613384025867
        ],
        "point_untransformed": [
            0.8177935355647319,
            0.46385678090721444,
            0.506975306692013
        ]
    },
    "ncall": 11505,
    "paramnames": [
        "k1",
        "k2",
        "k3"
    ],
    "logzerr_single": 0.17770574303710315,
    "insertion_order_MWW_test": {
        "independent_iterations": Infinity,
        "converged": true
    }
}