{
    "niter": 5990,
    "logz": -84159.27951059713,
    "logzerr": 0.6746168318973594,
    "logz_bs": -84159.21147934333,
    "logz_single": -84159.27951059713,
    "logzerr_tail": 0.009909544416586868,
    "logzerr_bs": 0.6745440466038417,
    "ess": 1269.788409204655,
    "H": 19.56814435365959,
    "Herr": 0.21434996772829634,
    "posterior": {
        "mean": [
            0.06364852003575606,
            -0.008414176555129747,
            0.0017435319967861356,
            0.00011330413696482777,
            0.0004174883166315554
        ],
        "stdev": [
            0.0009917664868021908,
            0.001052523247472926,
            0.0010630827307099957,
            0.0010119143842644534,
            0.0010023353377574325
        ],
        "median": [
            0.0636667501896447,
            -0.008410921016682088,
            0.0017619881920371838,
            0.00011114109880751288,
            0.0004556485045428549
        ],
        "errlo": [
            0.06261118011998804,
            -0.009539388719832884,
            0.0006626712360661147,
            -0.0008954544864164249,
            -0.0005898115029719098
        ],
        "errup": [
            0.06466186708609464,
            -0.007365156671309853,
            0.0028364285192575556,
            0.0011478482394995204,
            0.001385178795961034
        ],
        "information_gain_bits": [
            3.817807440780951,
            3.8090579576263894,
            3.810119800299351,
            3.7468775399520697,
            3.7393054427257932
        ]
    },
    "maximum_likelihood": {
        "logl": -84137.23976703899,
        "point": [
            0.063778033119889,
            -0.00842793466458841,
            0.001661524591985361,
            -8.624043008625959e-05,
            0.00025803427535872614
        ],
        "point_untransformed": [
            0.8188901655994449,
            0.45786032667705795,
            0.5083076229599268,
            0.4995687978495687,
            0.5012901713767937
        ]
    },
    "ncall": 18155,
    "paramnames": [
        "k1",
        "k2",
        "k3",
        "k4",
        "k5"
    ],
    "logzerr_single": 0.22117947663413298,
    "insertion_order_MWW_test": {
        "independent_iterations": Infinity,
        "converged": true
    }
}