{
    "niter": 6126,
    "logz": -198025.12910745887,
    "logzerr": 0.529253640490955,
    "logz_bs": -198025.0851284282,
    "logz_single": -198025.12910745887,
    "logzerr_tail": 0.009912516077747568,
    "logzerr_bs": 0.5291608054249082,
    "ess": 1219.2010975568246,
    "H": 21.254761713935295,
    "Herr": 0.204425707912881,
    "posterior": {
        "mean": [
            0.0791923462962647,
            -0.013653047152288624,
            0.0038012990991514537,
            -0.0013290557316156222,
            0.0003181093936964159
        ],
        "stdev": [
            0.0005998744301718608,
            0.0006731939031169364,
            0.0006877449229768228,
            0.0006618255804248662,
            0.0006409498614948844
        ],
        "median": [
            0.07919510355582157,
            -0.01363211844557119,
            0.003801483160701058,
            -0.0013189611262817563,
            0.00031631777313551046
        ],
        "errlo": [
            0.07861136362737767,
            -0.014308187381114418,
            0.003106556170147809,
            -0.0020015452808835096,
            -0.0003086505388310845
        ],
        "errup": [
            0.07976918656562423,
            -0.01297579970876675,
            0.004520059912539648,
            -0.000632452051765438,
            0.0009358006859014195
        ],
        "information_gain_bits": [
            3.8201995241498277,
            3.8540767629074515,
            3.883467376084442,
            3.8963901235019063,
            4.0427724424200395
        ]
    },
    "maximum_likelihood": {
        "logl": -198001.40283836925,
        "point": [
            0.07931732964902868,
            -0.013583295053729835,
            0.003835609242020227,
            -0.0013330921072460256,
            0.0004257185054679091
        ],
        "point_untransformed": [
            0.8965866482451434,
            0.4320835247313508,
            0.5191780462101011,
            0.49333453946376987,
            0.5021285925273395
        ]
    },
    "ncall": 18986,
    "paramnames": [
        "k1",
        "k2",
        "k3",
        "k4",
        "k5"
    ],
    "logzerr_single": 0.23051443400541805,
    "insertion_order_MWW_test": {
        "independent_iterations": Infinity,
        "converged": true
    }
}