,M,plusM,minusM,NF,logZ,logZerr
0,21.69087439968588,0.2103783053784234,0.23702443727754385,5,-138558.90411396418,0.49186525443911494
