{
    "niter": 6849,
    "logz": -142240.5371035282,
    "logzerr": 0.31307440951580445,
    "logz_bs": -142240.5372562402,
    "logz_single": -142240.5371035282,
    "logzerr_tail": 0.009949870116543025,
    "logzerr_bs": 0.31291626032907516,
    "ess": 1679.656829656951,
    "H": 12.394702643272467,
    "Herr": 0.14553303506655899,
    "posterior": {
        "mean": [
            0.06363685556482272,
            -0.009157617246592253,
            0.0023507936047075127
        ],
        "stdev": [
            0.0007581759663142622,
            0.000811018224569212,
            0.0007900497290248116
        ],
        "median": [
            0.06365447672597127,
            -0.009184746000948665,
            0.0023603209876708886
        ],
        "errlo": [
            0.06287554239337587,
            -0.009925822239675225,
            0.001580792064551445
        ],
        "errup": [
            0.06441790142379626,
            -0.008332452032910326,
            0.0031406396258155944
        ],
        "information_gain_bits": [
            3.823606205195345,
            3.8826067190109144,
            3.8163727507552765
        ]
    },
    "maximum_likelihood": {
        "logl": -142226.6048633906,
        "point": [
            0.06365819174445389,
            -0.009144941125460812,
            0.0023408243077043533
        ],
        "point_untransformed": [
            0.8182909587222694,
            0.4542752943726959,
            0.5117041215385217
        ]
    },
    "ncall": 11201,
    "paramnames": [
        "k1",
        "k2",
        "k3"
    ],
    "logzerr_single": 0.17603055589351857,
    "insertion_order_MWW_test": {
        "independent_iterations": Infinity,
        "converged": true
    }
}