{
    "niter": 6288,
    "logz": -70669.9655487168,
    "logzerr": 0.352078434952623,
    "logz_bs": -70669.97617456621,
    "logz_single": -70669.9655487168,
    "logzerr_tail": 0.009935713474988006,
    "logzerr_bs": 0.35193821326538455,
    "ess": 1494.9282784381464,
    "H": 15.23017802729737,
    "Herr": 0.16389037003149953,
    "posterior": {
        "mean": [
            0.07960944135945072,
            -0.014769212700114491,
            0.004261657731481166,
            -0.0018641558246275654
        ],
        "stdev": [
            0.0010188113113515484,
            0.0011364328854809793,
            0.001131626206656636,
            0.0011015498539786593
        ],
        "median": [
            0.07961170227851325,
            -0.014748218352508738,
            0.004276353532052829,
            -0.0018812738110494318
        ],
        "errlo": [
            0.0785991825028201,
            -0.015881169910533885,
            0.00314921772479837,
            -0.0029751391755221263
        ],
        "errup": [
            0.08061233022226703,
            -0.013694932280944455,
            0.005406716923315652,
            -0.0007168369233835052
        ],
        "information_gain_bits": [
            3.8148259863405483,
            3.6981956103438316,
            3.71541216073734,
            3.7884452786711083
        ]
    },
    "maximum_likelihood": {
        "logl": -70652.69085686246,
        "point": [
            0.07955733960895311,
            -0.014878343586991638,
            0.004345121494806231,
            -0.0017487554407919215
        ],
        "point_untransformed": [
            0.8977866980447655,
            0.4256082820650418,
            0.5217256074740312,
            0.4912562227960404
        ]
    },
    "ncall": 13422,
    "paramnames": [
        "k1",
        "k2",
        "k3",
        "k4"
    ],
    "logzerr_single": 0.19512930345861285,
    "insertion_order_MWW_test": {
        "independent_iterations": Infinity,
        "converged": true
    }
}