,M,plusM,minusM,NF,logZ,logZerr
0,14.368563817107436,0.1457095035212781,0.1414844471596659,2,-106039.63709074065,0.1991439435106235
