{
    "niter": 6854,
    "logz": -141345.80313405668,
    "logzerr": 0.27044035119345144,
    "logz_bs": -141345.8008712806,
    "logz_single": -141345.80313405668,
    "logzerr_tail": 0.009940385323716328,
    "logzerr_bs": 0.2702576035808306,
    "ess": 1618.1268260551,
    "H": 12.715052945743082,
    "Herr": 0.1493293659817397,
    "posterior": {
        "mean": [
            0.07951349206202463,
            -0.014742258688684331,
            0.004800521196099913
        ],
        "stdev": [
            0.0007021499059163998,
            0.0007871084368899473,
            0.0007551875473576389
        ],
        "median": [
            0.07951251321773277,
            -0.014739582843076734,
            0.004791716591939027
        ],
        "errlo": [
            0.07882472513188399,
            -0.015510780617617279,
            0.00405791652360496
        ],
        "errup": [
            0.08021311276532514,
            -0.013940250181612976,
            0.005535232953380501
        ],
        "information_gain_bits": [
            3.8152264230327098,
            3.928666254222683,
            3.96981579861814
        ]
    },
    "maximum_likelihood": {
        "logl": -141331.6394510049,
        "point": [
            0.07951152078297272,
            -0.014685971855909724,
            0.004824284827827402
        ],
        "point_untransformed": [
            0.8975576039148635,
            0.42657014072045135,
            0.524121424139137
        ]
    },
    "ncall": 11122,
    "paramnames": [
        "k1",
        "k2",
        "k3"
    ],
    "logzerr_single": 0.17829086450056186,
    "insertion_order_MWW_test": {
        "independent_iterations": Infinity,
        "converged": true
    }
}