,M,plusM,minusM,NF,logZ,logZerr
0,20.495937532968362,0.17540628538235836,0.16492582768000474,3,-166934.3756814891,0.32731466554358857
