,M,plusM,minusM,NF,logZ,logZerr
0,15.233735113225507,0.2238939899438428,0.2177820617571431,3,-140991.53074242888,0.17157047512317614
