{
    "niter": 6329,
    "logz": -69330.62394808899,
    "logzerr": 0.42067575567434445,
    "logz_bs": -69330.58408321226,
    "logz_single": -69330.62394808899,
    "logzerr_tail": 0.009922496014041826,
    "logzerr_bs": 0.42055871823686175,
    "ess": 1489.3908046915856,
    "H": 15.463721280670143,
    "Herr": 0.18664993932356777,
    "posterior": {
        "mean": [
            0.07952508330667216,
            -0.016960322145188896,
            0.005990052193551838,
            -0.0017291403618604365
        ],
        "stdev": [
            0.0010383989982131001,
            0.001128549322204087,
            0.0011283322651247417,
            0.001116456029145592
        ],
        "median": [
            0.07948185312325895,
            -0.01696383928734864,
            0.0060416658681610586,
            -0.0017126736711550877
        ],
        "errlo": [
            0.0784597920070228,
            -0.018104443647316892,
            0.004815995939982276,
            -0.002834996538954901
        ],
        "errup": [
            0.08060529004294159,
            -0.015810418444701393,
            0.007084049148124786,
            -0.0005946564577799394
        ],
        "information_gain_bits": [
            3.814502692728402,
            3.754228794348841,
            3.713450447683396,
            3.7898656414079572
        ]
    },
    "maximum_likelihood": {
        "logl": -69313.12479058502,
        "point": [
            0.07944516726066636,
            -0.017043715513564303,
            0.005904834826329086,
            -0.001689241533751426
        ],
        "point_untransformed": [
            0.8972258363033317,
            0.41478142243217847,
            0.5295241741316454,
            0.49155379233124286
        ]
    },
    "ncall": 14142,
    "paramnames": [
        "k1",
        "k2",
        "k3",
        "k4"
    ],
    "logzerr_single": 0.19661969179529135,
    "insertion_order_MWW_test": {
        "independent_iterations": Infinity,
        "converged": true
    }
}