{
    "niter": 7186,
    "logz": -282192.39830824104,
    "logzerr": 0.5119913363193642,
    "logz_bs": -282192.3071300498,
    "logz_single": -282192.39830824104,
    "logzerr_tail": 0.009947052923962474,
    "logzerr_bs": 0.5118947006994858,
    "ess": 1479.8119922309531,
    "H": 18.13445740903262,
    "Herr": 0.19472033125011043,
    "posterior": {
        "mean": [
            0.06319445814390244,
            -0.007499918196651368,
            0.0014360506790085574,
            -0.00042598976467845965
        ],
        "stdev": [
            0.000513854085500242,
            0.0005727388962971765,
            0.0005574362295344879,
            0.0005445034656003406
        ],
        "median": [
            0.0632006175160072,
            -0.007499371698252308,
            0.0014232623894653712,
            -0.000443493843492411
        ],
        "errlo": [
            0.0626819971194367,
            -0.008066710264991478,
            0.0008797516535152509,
            -0.0009779522967875987
        ],
        "errup": [
            0.06368877851656493,
            -0.006924695080542123,
            0.0019921087049206256,
            0.0001423704894767176
        ],
        "information_gain_bits": [
            3.8805666985038023,
            3.8177425787377195,
            3.8992239684477483,
            4.108366906864912
        ]
    },
    "maximum_likelihood": {
        "logl": -282172.32982781524,
        "point": [
            0.06321511917444575,
            -0.0074652190104071425,
            0.001412914268792892,
            -0.00042350302195254264
        ],
        "point_untransformed": [
            0.8160755958722288,
            0.4626739049479643,
            0.5070645713439644,
            0.4978824848902373
        ]
    },
    "ncall": 15808,
    "paramnames": [
        "k1",
        "k2",
        "k3",
        "k4"
    ],
    "logzerr_single": 0.21292285814956916,
    "insertion_order_MWW_test": {
        "independent_iterations": Infinity,
        "converged": true
    }
}