,M,plusM,minusM,NF,logZ,logZerr
0,15.042744547892042,0.21516826843109804,0.21443278408893462,5,-106036.15751558224,0.47718071820946567
