{
    "niter": 7428,
    "logz": -305785.11536952696,
    "logzerr": 0.4672298397529955,
    "logz_bs": -305785.0607013186,
    "logz_single": -305785.11536952696,
    "logzerr_tail": 0.00994715397246182,
    "logzerr_bs": 0.46712394210044295,
    "ess": 1404.9094291989893,
    "H": 22.4471701978473,
    "Herr": 0.1875625826100584,
    "posterior": {
        "mean": [
            0.07869331156003066,
            -0.012636578369346058,
            0.0033805388087389575,
            -0.0012713819306342405,
            0.00041471374607867295
        ],
        "stdev": [
            0.0004899341137668357,
            0.0005452696397582163,
            0.0005440180378552988,
            0.0005428917713600758,
            0.0004994414734323169
        ],
        "median": [
            0.07869327876267587,
            -0.01263148336944156,
            0.0033744817830587692,
            -0.001273025471065392,
            0.000415114023751606
        ],
        "errlo": [
            0.07818700604806805,
            -0.013202119777526805,
            0.0028344343219275647,
            -0.0018055492836229054,
            -7.030722793545385e-05
        ],
        "errup": [
            0.0791771731628079,
            -0.012065150312625016,
            0.003925870503268252,
            -0.0007420612763173878,
            0.0009080226781213591
        ],
        "information_gain_bits": [
            3.875129692555657,
            3.817438230347356,
            3.867956940280296,
            3.92382593010058,
            4.1237739064021115
        ]
    },
    "maximum_likelihood": {
        "logl": -305760.2507925639,
        "point": [
            0.0786207929780996,
            -0.012607859588875475,
            0.0033344058640350643,
            -0.001373680349635989,
            0.00036187632695643124
        ],
        "point_untransformed": [
            0.8931039648904979,
            0.4369607020556226,
            0.5166720293201753,
            0.49313159825182007,
            0.5018093816347822
        ]
    },
    "ncall": 20720,
    "paramnames": [
        "k1",
        "k2",
        "k3",
        "k4",
        "k5"
    ],
    "logzerr_single": 0.23689222337303148,
    "insertion_order_MWW_test": {
        "independent_iterations": Infinity,
        "converged": true
    }
}