{
    "niter": 5757,
    "logz": -141033.6111980607,
    "logzerr": 0.2785368130758172,
    "logz_bs": -141033.6053617759,
    "logz_single": -141033.6111980607,
    "logzerr_tail": 0.009950406820280477,
    "logzerr_bs": 0.2783590229228139,
    "ess": 1538.3399061035589,
    "H": 8.393881934840465,
    "Herr": 0.12315798838472339,
    "posterior": {
        "mean": [
            0.06368386893940739,
            -0.008746138357814445
        ],
        "stdev": [
            0.000764005553367619,
            0.0007754608271670617
        ],
        "median": [
            0.06370019681637312,
            -0.008741617319765499
        ],
        "errlo": [
            0.06290291791088695,
            -0.009506891806725818
        ],
        "errup": [
            0.0644381540501536,
            -0.007973491004336114
        ],
        "information_gain_bits": [
            3.8218991307164396,
            3.859207077351767
        ]
    },
    "maximum_likelihood": {
        "logl": -141024.22089451455,
        "point": [
            0.06367941146224482,
            -0.00871754637036204
        ],
        "point_untransformed": [
            0.818397057311224,
            0.4564122681481898
        ]
    },
    "ncall": 7493,
    "paramnames": [
        "k1",
        "k2"
    ],
    "logzerr_single": 0.1448609845234429,
    "insertion_order_MWW_test": {
        "independent_iterations": Infinity,
        "converged": true
    }
}