{
    "niter": 6689,
    "logz": -71769.45743160318,
    "logzerr": 0.3641997452438941,
    "logz_bs": -71769.47536328278,
    "logz_single": -71769.45743160318,
    "logzerr_tail": 0.009920732525642961,
    "logzerr_bs": 0.3640646007261239,
    "ess": 1608.1228070680954,
    "H": 14.995741464939783,
    "Herr": 0.14519790544338917,
    "posterior": {
        "mean": [
            0.06371215823991573,
            -0.010844096700160233,
            0.0030153825981858225,
            -0.001552214375310668
        ],
        "stdev": [
            0.0010895106248980755,
            0.0011542224298510106,
            0.0011107620548909155,
            0.0011063503992198636
        ],
        "median": [
            0.06370449246933793,
            -0.01083861365047202,
            0.0030091463296260806,
            -0.0015475008769779558
        ],
        "errlo": [
            0.06262090084184543,
            -0.011997736626010808,
            0.001928269545325545,
            -0.0026590038422520806
        ],
        "errup": [
            0.06481178801867025,
            -0.00970395504991664,
            0.004139343648998373,
            -0.00042601287761048767
        ],
        "information_gain_bits": [
            3.8115494349612526,
            3.6992873553215477,
            3.808562525131269,
            3.789186246836891
        ]
    },
    "maximum_likelihood": {
        "logl": -71752.41265718732,
        "point": [
            0.06365356840670663,
            -0.010902319296821533,
            0.0029585331596437836,
            -0.0017015863114896168
        ],
        "point_untransformed": [
            0.8182678420335332,
            0.4454884035158923,
            0.5147926657982189,
            0.49149206844255194
        ]
    },
    "ncall": 14124,
    "paramnames": [
        "k1",
        "k2",
        "k3",
        "k4"
    ],
    "logzerr_single": 0.19362167663345303,
    "insertion_order_MWW_test": {
        "independent_iterations": Infinity,
        "converged": true
    }
}