,M,plusM,minusM,NF,logZ,logZerr
0,11.157611237850894,0.3018107655370308,0.24677218367675025,5,-84159.27951059713,0.6746168318973594
