,M,plusM,minusM,NF,logZ,logZerr
0,38.68474161738362,0.3607153863414254,0.34330555988333344,5,-278570.0191133515,0.5796619860555351
