,M,plusM,minusM,NF,logZ,logZerr
0,7.4374957718698855,0.11677740747806276,0.11092825426626796,3,-142179.23954990474,0.2631979759947054
