,M,plusM,minusM,NF,logZ,logZerr
0,7.436605544245088,0.10061887831189154,0.11119311794679376,3,-142179.00806076013,0.29708850298573813
