,M,plusM,minusM,NF,logZ,logZerr
0,14.295954589741982,0.17106942864188568,0.17527865503496187,2,-172385.46495414773,0.21821435691561505
