,M,plusM,minusM,NF,logZ,logZerr
0,43.18719746500967,0.48341299213388567,0.4871426906039744,3,-275976.50668010314,0.4913578246618418
