{
    "niter": 7760,
    "logz": -198073.5232518003,
    "logzerr": 0.323757756918891,
    "logz_bs": -198073.59564790942,
    "logz_single": -198073.5232518003,
    "logzerr_tail": 0.009941333817550912,
    "logzerr_bs": 0.3236050911946222,
    "ess": 1608.9370041426278,
    "H": 17.599559652881,
    "Herr": 0.18518926219834286,
    "posterior": {
        "mean": [
            0.07916855313377359,
            -0.013054831235888204,
            0.0037885577995875937,
            -0.0010866951568101843
        ],
        "stdev": [
            0.0005974786805446602,
            0.0006741949858096,
            0.0006612355282403071,
            0.0006392234606363869
        ],
        "median": [
            0.0791808312246213,
            -0.013061695181356456,
            0.0037877434304887173,
            -0.0010792382354671282
        ],
        "errlo": [
            0.07856056665437632,
            -0.013721329385971662,
            0.0031526434440164453,
            -0.0017436719510300763
        ],
        "errup": [
            0.0797834806064315,
            -0.012377096085276276,
            0.004430187850860783,
            -0.0004399839846667636
        ],
        "information_gain_bits": [
            3.8213930286622726,
            3.8175235261139915,
            3.888214209098457,
            3.9275355073976512
        ]
    },
    "maximum_likelihood": {
        "logl": -198053.96081012214,
        "point": [
            0.079133698924824,
            -0.013152058334445646,
            0.003745133485173538,
            -0.001140174285385126
        ],
        "point_untransformed": [
            0.89566849462412,
            0.43423970832777176,
            0.5187256674258677,
            0.49429912857307434
        ]
    },
    "ncall": 16312,
    "paramnames": [
        "k1",
        "k2",
        "k3",
        "k4"
    ],
    "logzerr_single": 0.20975914552696504,
    "insertion_order_MWW_test": {
        "independent_iterations": Infinity,
        "converged": true
    }
}