{
    "niter": 6656,
    "logz": -211912.4958684939,
    "logzerr": 0.2905174423430331,
    "logz_bs": -211912.45535787815,
    "logz_single": -211912.4958684939,
    "logzerr_tail": 0.009926773054758087,
    "logzerr_bs": 0.2903477974468842,
    "ess": 1552.1032546751471,
    "H": 13.16608678738703,
    "Herr": 0.12146127916999083,
    "posterior": {
        "mean": [
            0.07961191405906577,
            -0.01567290209082408,
            0.005386344358992467
        ],
        "stdev": [
            0.0005837679648524024,
            0.0006458998365041718,
            0.0006162781456500147
        ],
        "median": [
            0.07960352995258782,
            -0.01567294857320764,
            0.005389895196361141
        ],
        "errlo": [
            0.07905481710230186,
            -0.0162989137351037,
            0.00478083306436386
        ],
        "errup": [
            0.0801882065822812,
            -0.01501254788068547,
            0.005981834794268767
        ],
        "information_gain_bits": [
            3.816198899252116,
            4.065379913623424,
            4.105348550815477
        ]
    },
    "maximum_likelihood": {
        "logl": -211897.86372480541,
        "point": [
            0.07958363257376797,
            -0.015717615500240867,
            0.005372204306505049
        ],
        "point_untransformed": [
            0.8979181628688397,
            0.42141192249879567,
            0.5268610215325252
        ]
    },
    "ncall": 11212,
    "paramnames": [
        "k1",
        "k2",
        "k3"
    ],
    "logzerr_single": 0.18142551355437186,
    "insertion_order_MWW_test": {
        "independent_iterations": Infinity,
        "converged": true
    }
}