,M,plusM,minusM,NF,logZ,logZerr
0,10.477018336068145,0.15417044533250746,0.15296508903070638,4,-69330.62394808899,0.42067575567434445
