,M,plusM,minusM,NF,logZ,logZerr
0,10.055702678456278,0.09065048502831452,0.09764784414537431,3,-139907.669417677,0.3110985557680763
