{
    "niter": 5905,
    "logz": -69334.49482413243,
    "logzerr": 0.3529610708468733,
    "logz_bs": -69334.49282189642,
    "logz_single": -69334.49482413243,
    "logzerr_tail": 0.009953660133760422,
    "logzerr_bs": 0.35282069409731776,
    "ess": 1277.9919413492507,
    "H": 19.351219793141354,
    "Herr": 0.22142616818657215,
    "posterior": {
        "mean": [
            0.07950222570548689,
            -0.016924060872685418,
            0.005929595381429765,
            -0.001438427324874676,
            0.0011607080336746628
        ],
        "stdev": [
            0.0010250659454652002,
            0.0011321424929853804,
            0.0011675769821876967,
            0.0011752254689898895,
            0.0011066170849081394
        ],
        "median": [
            0.07952854983189658,
            -0.016937693761894274,
            0.005906652428651141,
            -0.0014202529754484827,
            0.0011440012849460307
        ],
        "errlo": [
            0.07846780267437778,
            -0.01806600019187587,
            0.0047868030363475145,
            -0.002669902557663126,
            8.998722846232473e-05
        ],
        "errup": [
            0.08050059867595163,
            -0.015767615079309474,
            0.00711335816903394,
            -0.0002118522249825172,
            0.0022628284823333483
        ],
        "information_gain_bits": [
            3.8150137867556277,
            3.7477011955921897,
            3.7118563691977937,
            3.750290788057879,
            3.7277160247826493
        ]
    },
    "maximum_likelihood": {
        "logl": -69312.58732434451,
        "point": [
            0.0796941003026965,
            -0.01696576789109941,
            0.0058742778979367916,
            -0.001198436000053038,
            0.0012621644872537752
        ],
        "point_untransformed": [
            0.8984705015134824,
            0.415171160544503,
            0.529371389489684,
            0.4940078199997348,
            0.5063108224362689
        ]
    },
    "ncall": 18703,
    "paramnames": [
        "k1",
        "k2",
        "k3",
        "k4",
        "k5"
    ],
    "logzerr_single": 0.21995010680345983,
    "insertion_order_MWW_test": {
        "independent_iterations": Infinity,
        "converged": true
    }
}