,M,plusM,minusM,NF,logZ,logZerr
0,10.151062496705798,0.11601514771353116,0.11458097685611612,2,-70551.76622005149,0.2207473238566508
