{
    "niter": 6839,
    "logz": -275985.42346440593,
    "logzerr": 0.4359253121734614,
    "logz_bs": -275985.4301013999,
    "logz_single": -275985.42346440593,
    "logzerr_tail": 0.009933878493029624,
    "logzerr_bs": 0.4358121107215993,
    "ess": 1289.756149374054,
    "H": 22.115663523727562,
    "Herr": 0.23532054425723076,
    "posterior": {
        "mean": [
            0.0627135287655825,
            -0.007206879563015718,
            0.0016215151570863895,
            -0.0002710383559581485,
            -9.997914190197573e-08
        ],
        "stdev": [
            0.0005334898379505382,
            0.0005382561260588117,
            0.0005623809998653518,
            0.0005638656597713838,
            0.0005477067540137607
        ],
        "median": [
            0.0627247394555222,
            -0.007215214220534866,
            0.0016330609956977937,
            -0.0002753594386299407,
            6.13383448366811e-06
        ],
        "errlo": [
            0.06219719137420984,
            -0.0077491879743981085,
            0.001042174680918051,
            -0.0008468825315699341,
            -0.0005470736450829544
        ],
        "errup": [
            0.06324820400721307,
            -0.006680009634516421,
            0.002172994700017236,
            0.0002908797358184556,
            0.0005543747334848526
        ],
        "information_gain_bits": [
            3.959142127553191,
            3.833589848428072,
            3.878499609435386,
            4.122673451863465,
            4.134332488296736
        ]
    },
    "maximum_likelihood": {
        "logl": -275960.97445802036,
        "point": [
            0.06270635639103403,
            -0.007158790501399254,
            0.0017948738102000206,
            -0.00031113653000525154,
            5.37682233692216e-06
        ],
        "point_untransformed": [
            0.8135317819551702,
            0.4642060474930037,
            0.5089743690510001,
            0.49844431734997374,
            0.5000268841116846
        ]
    },
    "ncall": 19761,
    "paramnames": [
        "k1",
        "k2",
        "k3",
        "k4",
        "k5"
    ],
    "logzerr_single": 0.23513646848015496,
    "insertion_order_MWW_test": {
        "independent_iterations": Infinity,
        "converged": true
    }
}