,M,plusM,minusM,NF,logZ,logZerr
0,37.158356044031706,0.23542508184205957,0.2530948086058942,2,-278583.37215455866,0.2989859377663087
