{
    "niter": 5829,
    "logz": -141361.17660017766,
    "logzerr": 0.22570366830996091,
    "logz_bs": -141361.18421389195,
    "logz_single": -141361.17660017766,
    "logzerr_tail": 0.009936127433320507,
    "logzerr_bs": 0.2254848537268117,
    "ess": 1538.5885560880351,
    "H": 8.540629528724821,
    "Herr": 0.09896195700300228,
    "posterior": {
        "mean": [
            0.07976554290552088,
            -0.0160437531715861
        ],
        "stdev": [
            0.0007162188051890746,
            0.0007563454611301372
        ],
        "median": [
            0.0797827501435468,
            -0.016052027865666174
        ],
        "errlo": [
            0.0790509068645669,
            -0.01679948593017705
        ],
        "errup": [
            0.08047925088685157,
            -0.015279864326330342
        ],
        "information_gain_bits": [
            3.8186486424950883,
            3.9294773304164528
        ]
    },
    "maximum_likelihood": {
        "logl": -141351.6392985243,
        "point": [
            0.07977798066934641,
            -0.01608169750078388
        ],
        "point_untransformed": [
            0.898889903346732,
            0.4195915124960806
        ]
    },
    "ncall": 7503,
    "paramnames": [
        "k1",
        "k2"
    ],
    "logzerr_single": 0.14612177737015128,
    "insertion_order_MWW_test": {
        "independent_iterations": Infinity,
        "converged": true
    }
}