{
    "niter": 5914,
    "logz": -70674.52901160523,
    "logzerr": 0.5694819589214611,
    "logz_bs": -70674.51988056424,
    "logz_single": -70674.52901160523,
    "logzerr_tail": 0.009956009904271923,
    "logzerr_bs": 0.5693949239357607,
    "ess": 1286.8244074307554,
    "H": 19.26734835167008,
    "Herr": 0.23540889989263766,
    "posterior": {
        "mean": [
            0.07957158717237447,
            -0.014817249098586947,
            0.004278449474862284,
            -0.001779021383317286,
            4.947299861528805e-05
        ],
        "stdev": [
            0.0010191729886493898,
            0.0011173016192785878,
            0.001135473113136629,
            0.0011649793644919809,
            0.0010986153888357818
        ],
        "median": [
            0.07956405026687133,
            -0.014794830854640922,
            0.004299395689796509,
            -0.0017870697246107486,
            5.461216678522701e-05
        ],
        "errlo": [
            0.07857763800322246,
            -0.015955698283763278,
            0.0031303330454733585,
            -0.0029195770742043714,
            -0.0010685536216044126
        ],
        "errup": [
            0.08056973807555368,
            -0.013713082516148528,
            0.005356930238649957,
            -0.0005876916758124212,
            0.0011374879321595505
        ],
        "information_gain_bits": [
            3.8151597725671706,
            3.718980109965575,
            3.7075930429187856,
            3.8187185786713496,
            3.7232171890633414
        ]
    },
    "maximum_likelihood": {
        "logl": -70652.70608154859,
        "point": [
            0.07972387045913729,
            -0.014688234979666884,
            0.0041543964181751936,
            -0.0019197980236880519,
            -1.5466738976024907e-05
        ],
        "point_untransformed": [
            0.8986193522956863,
            0.4265588251016656,
            0.5207719820908759,
            0.4904010098815597,
            0.4999226663051199
        ]
    },
    "ncall": 18620,
    "paramnames": [
        "k1",
        "k2",
        "k3",
        "k4",
        "k5"
    ],
    "logzerr_single": 0.21947293883113517,
    "insertion_order_MWW_test": {
        "independent_iterations": Infinity,
        "converged": true
    }
}