,M,plusM,minusM,NF,logZ,logZerr
0,9.986853361520037,0.12824641552853322,0.1346586257860345,3,-70667.16452890499,0.2538583892544062
