,M,plusM,minusM,NF,logZ,logZerr
0,7.705775520501875,0.17592052006325254,0.179392937550233,4,-73231.31005086913,0.4368972693002774
