{
    "niter": 6097,
    "logz": -73234.40202398461,
    "logzerr": 0.3717229909365849,
    "logz_bs": -73234.3858499868,
    "logz_single": -73234.40202398461,
    "logzerr_tail": 0.009941999844159,
    "logzerr_bs": 0.3715900141687598,
    "ess": 1362.218977404148,
    "H": 18.695638745557517,
    "Herr": 0.18431135737382032,
    "posterior": {
        "mean": [
            0.06365190079742866,
            -0.00966342059614558,
            0.0022917940886589727,
            -0.0015197428378699303,
            -0.001386601925873655
        ],
        "stdev": [
            0.0010481354172007247,
            0.0011402368176784438,
            0.0011348899547534372,
            0.0010818478790025308,
            0.0011191265578877146
        ],
        "median": [
            0.06365344916375557,
            -0.009651312771879209,
            0.002253948349834431,
            -0.0015090598232760377,
            -0.0014005662116401696
        ],
        "errlo": [
            0.06260458489320228,
            -0.01085501623923944,
            0.0011901867338380417,
            -0.0025765254944172264,
            -0.0025142077133322033
        ],
        "errup": [
            0.0646709279785141,
            -0.008513018262947938,
            0.0034483527859674296,
            -0.0004938768705063656,
            -0.0002894601806471553
        ],
        "information_gain_bits": [
            3.817050736293191,
            3.722087813551091,
            3.800313478259917,
            3.7524404034594245,
            3.7397305092387993
        ]
    },
    "maximum_likelihood": {
        "logl": -73213.19482890046,
        "point": [
            0.06358648567059358,
            -0.009549025861161256,
            0.002332675386125055,
            -0.0014812653041582913,
            -0.0010207652578455295
        ],
        "point_untransformed": [
            0.8179324283529679,
            0.45225487069419373,
            0.5116633769306252,
            0.49259367347920857,
            0.4948961737107723
        ]
    },
    "ncall": 17643,
    "paramnames": [
        "k1",
        "k2",
        "k3",
        "k4",
        "k5"
    ],
    "logzerr_single": 0.21619226827963528,
    "insertion_order_MWW_test": {
        "independent_iterations": Infinity,
        "converged": true
    }
}