{
    "niter": 7349,
    "logz": -305779.5594611249,
    "logzerr": 0.27093726089955966,
    "logz_bs": -305779.5570395217,
    "logz_single": -305779.5594611249,
    "logzerr_tail": 0.009948198916390538,
    "logzerr_bs": 0.27075456170132384,
    "ess": 1686.7060683910852,
    "H": 13.861105207644869,
    "Herr": 0.1359196659514067,
    "posterior": {
        "mean": [
            0.07871988673926354,
            -0.012692037389106884,
            0.003818682303776792
        ],
        "stdev": [
            0.0005063927064304275,
            0.0005504040799859698,
            0.0005206446123931662
        ],
        "median": [
            0.07872313763958702,
            -0.012690983393519234,
            0.003821821343995141
        ],
        "errlo": [
            0.07822883481072214,
            -0.013220293449034207,
            0.0032998880394649738
        ],
        "errup": [
            0.0792219801432211,
            -0.012139675629764202,
            0.004331798723553673
        ],
        "information_gain_bits": [
            3.865987868262609,
            3.816331072231801,
            3.935140896469954
        ]
    },
    "maximum_likelihood": {
        "logl": -305764.1453265914,
        "point": [
            0.07871897010325926,
            -0.012702693325094522,
            0.0038317103238379308
        ],
        "point_untransformed": [
            0.8935948505162963,
            0.4364865333745274,
            0.5191585516191897
        ]
    },
    "ncall": 12393,
    "paramnames": [
        "k1",
        "k2",
        "k3"
    ],
    "logzerr_single": 0.18615252622275147,
    "insertion_order_MWW_test": {
        "independent_iterations": Infinity,
        "converged": true
    }
}