{
    "niter": 6435,
    "logz": -142249.30274052394,
    "logzerr": 0.4447469402302005,
    "logz_bs": -142249.2507734211,
    "logz_single": -142249.30274052394,
    "logzerr_tail": 0.009939168230630457,
    "logzerr_bs": 0.4446358665009029,
    "ess": 1354.162701562442,
    "H": 20.5121438234346,
    "Herr": 0.18869742412146126,
    "posterior": {
        "mean": [
            0.0636502079408581,
            -0.009103733823609468,
            0.002206543722537707,
            -0.0006564485042784084,
            0.00011351487048797399
        ],
        "stdev": [
            0.0007730046696133469,
            0.0008156800708475483,
            0.0008039542646596459,
            0.000814869432806426,
            0.000794117137708129
        ],
        "median": [
            0.06363707728445131,
            -0.00908362415443427,
            0.002204836564267537,
            -0.0006356953657202097,
            0.00011766449927594347
        ],
        "errlo": [
            0.06288288375562529,
            -0.009967816538705196,
            0.0013756553601561583,
            -0.0014528640958278716,
            -0.0007117334842960121
        ],
        "errup": [
            0.06440806733027946,
            -0.008299834857727867,
            0.003013006631005788,
            0.00012534270531652791,
            0.0009238228810981852
        ],
        "information_gain_bits": [
            3.8226596446618726,
            3.88497583649278,
            3.8192018016891374,
            3.872484951437299,
            3.9350115953881626
        ]
    },
    "maximum_likelihood": {
        "logl": -142226.2032899774,
        "point": [
            0.06366270749010985,
            -0.009168194358217335,
            0.002207871254495994,
            -0.0005458062522899765,
            0.00023324260679713493
        ],
        "point_untransformed": [
            0.8183135374505492,
            0.4541590282089133,
            0.51103935627248,
            0.4972709687385501,
            0.5011662130339857
        ]
    },
    "ncall": 18437,
    "paramnames": [
        "k1",
        "k2",
        "k3",
        "k4",
        "k5"
    ],
    "logzerr_single": 0.22645167157384044,
    "insertion_order_MWW_test": {
        "independent_iterations": Infinity,
        "converged": true
    }
}