,M,plusM,minusM,NF,logZ,logZerr
0,15.911840071115774,0.20561791523063455,0.20239338539242802,5,-105880.96710560657,0.24241394036962535
