,M,plusM,minusM,NF,logZ,logZerr
0,14.824823023693437,0.23802616531702725,0.23475175944381377,4,-141338.77061662168,0.4294316746001455
