,M,plusM,minusM,NF,logZ,logZerr
0,39.52501650363582,0.3889289715180766,0.40087122940069264,5,-198025.12910745887,0.529253640490955
