,M,plusM,minusM,NF,logZ,logZerr
0,10.178350279725858,0.13601136607422504,0.14765561748426137,3,-69302.2894461397,0.21009776707042682
