{
    "niter": 5857,
    "logz": -166967.82510537776,
    "logzerr": 0.25815190912717617,
    "logz_bs": -166967.840385665,
    "logz_single": -166967.82510537776,
    "logzerr_tail": 0.009931450156727806,
    "logzerr_bs": 0.2579608002852183,
    "ess": 1535.8636382046911,
    "H": 8.452695721527562,
    "Herr": 0.1186726017355217,
    "posterior": {
        "mean": [
            0.0799890459390898,
            -0.017945800023783987
        ],
        "stdev": [
            0.0006483661409798198,
            0.0006863557045189085
        ],
        "median": [
            0.0799990927842904,
            -0.017929504126961315
        ],
        "errlo": [
            0.07935653234454584,
            -0.018656337335215458
        ],
        "errup": [
            0.08061498961002436,
            -0.017279512624568977
        ],
        "information_gain_bits": [
            3.83104096569938,
            3.8152208611294602
        ]
    },
    "maximum_likelihood": {
        "logl": -166958.4099016465,
        "point": [
            0.07996123798323787,
            -0.017974756324009064
        ],
        "point_untransformed": [
            0.8998061899161893,
            0.41012621837995467
        ]
    },
    "ncall": 7660,
    "paramnames": [
        "k1",
        "k2"
    ],
    "logzerr_single": 0.14536760059868534,
    "insertion_order_MWW_test": {
        "independent_iterations": Infinity,
        "converged": true
    }
}