{
    "niter": 5588,
    "logz": -69310.02880057797,
    "logzerr": 0.32011617771216844,
    "logz_bs": -69310.04192394143,
    "logz_single": -69310.02880057797,
    "logzerr_tail": 0.009947121609002352,
    "logzerr_bs": 0.3199615945777623,
    "ess": 1513.9290625755948,
    "H": 7.740888017549878,
    "Herr": 0.12864145529444979,
    "posterior": {
        "mean": [
            0.0799165185708956,
            -0.01778313113201395
        ],
        "stdev": [
            0.0009978372565117852,
            0.001059511364619179
        ],
        "median": [
            0.07993262120772332,
            -0.017781789000387793
        ],
        "errlo": [
            0.07889420184870116,
            -0.0188520045322048
        ],
        "errup": [
            0.08090907841697417,
            -0.016756941604077452
        ],
        "information_gain_bits": [
            3.81782236604578,
            3.810403299775515
        ]
    },
    "maximum_likelihood": {
        "logl": -69301.33774013231,
        "point": [
            0.0799056727443345,
            -0.017853804556240166
        ],
        "point_untransformed": [
            0.8995283637216724,
            0.41073097721879914
        ]
    },
    "ncall": 7172,
    "paramnames": [
        "k1",
        "k2"
    ],
    "logzerr_single": 0.13911225698648805,
    "insertion_order_MWW_test": {
        "independent_iterations": Infinity,
        "converged": true
    }
}