{
    "niter": 5680,
    "logz": -103915.37714903096,
    "logzerr": 0.21219072997465474,
    "logz_bs": -103915.3878644419,
    "logz_single": -103915.37714903096,
    "logzerr_tail": 0.009939222363755107,
    "logzerr_bs": 0.2119578206766164,
    "ess": 1528.8370069665393,
    "H": 8.158078341351938,
    "Herr": 0.09578845826957341,
    "posterior": {
        "mean": [
            0.08011068554407073,
            -0.021096516772440534
        ],
        "stdev": [
            0.0008364623121988522,
            0.0008742671352754017
        ],
        "median": [
            0.08010126077162824,
            -0.02108923015193015
        ],
        "errlo": [
            0.07929762803074572,
            -0.021985255564141576
        ],
        "errup": [
            0.08093883237558708,
            -0.02023169132230715
        ],
        "information_gain_bits": [
            3.8280576685719327,
            3.8473777843354386
        ]
    },
    "maximum_likelihood": {
        "logl": -103906.2246632039,
        "point": [
            0.08013914244004583,
            -0.021070060978759783
        ],
        "point_untransformed": [
            0.9006957122002291,
            0.39464969510620107
        ]
    },
    "ncall": 7343,
    "paramnames": [
        "k1",
        "k2"
    ],
    "logzerr_single": 0.1428117497035165,
    "insertion_order_MWW_test": {
        "independent_iterations": Infinity,
        "converged": true
    }
}