{
    "niter": 6997,
    "logz": -211913.4033808246,
    "logzerr": 0.3408483805805976,
    "logz_bs": -211913.39877255232,
    "logz_single": -211913.4033808246,
    "logzerr_tail": 0.009926973463734612,
    "logzerr_bs": 0.340703791793203,
    "ess": 1415.9727575976563,
    "H": 21.81912220743834,
    "Herr": 0.1685887355293968,
    "posterior": {
        "mean": [
            0.07957819828862314,
            -0.015542375556650358,
            0.00461041184804265,
            -0.0019468470890217407,
            0.0012711389116819565
        ],
        "stdev": [
            0.0006026485341697279,
            0.0006678960557056896,
            0.0006708984772412988,
            0.0006438688372444675,
            0.0006359885466448779
        ],
        "median": [
            0.07959331204251502,
            -0.015541896838265526,
            0.0045919233081071625,
            -0.001942820188283595,
            0.0012552678287727909
        ],
        "errlo": [
            0.07898342538899855,
            -0.016204090303693946,
            0.003965445670651137,
            -0.002590613530027236,
            0.0006386376412801792
        ],
        "errup": [
            0.08016108027576668,
            -0.014882214422235501,
            0.0053060948609849196,
            -0.0013161996494634668,
            0.0019071161446903018
        ],
        "information_gain_bits": [
            3.8159746811800273,
            4.086870806578599,
            4.023861840045963,
            3.836036734146169,
            3.9023755069993284
        ]
    },
    "maximum_likelihood": {
        "logl": -211889.02266310476,
        "point": [
            0.07948814411649138,
            -0.015739436114960384,
            0.004674064856877519,
            -0.0019422091770445321,
            0.0012226901208100688
        ],
        "point_untransformed": [
            0.8974407205824569,
            0.4213028194251981,
            0.5233703242843876,
            0.49028895411477735,
            0.5061134506040503
        ]
    },
    "ncall": 19584,
    "paramnames": [
        "k1",
        "k2",
        "k3",
        "k4",
        "k5"
    ],
    "logzerr_single": 0.2335547163270223,
    "insertion_order_MWW_test": {
        "independent_iterations": Infinity,
        "converged": true
    }
}