,M,plusM,minusM,NF,logZ,logZerr
0,21.070320314389598,0.196380882421181,0.18795081153970017,3,-138560.84564015307,0.3139039377805807
