,M,plusM,minusM,NF,logZ,logZerr
0,10.925651786452285,0.18352575186676212,0.1727664881915736,2,-105686.88176329724,0.28535037239302535
