{
    "niter": 6734,
    "logz": -103888.21685519235,
    "logzerr": 0.24224362494232662,
    "logz_bs": -103888.19200548623,
    "logz_single": -103888.21685519235,
    "logzerr_tail": 0.009934380985214375,
    "logzerr_bs": 0.2420398353569908,
    "ess": 1657.1430828396242,
    "H": 12.091121692705201,
    "Herr": 0.10783734009110718,
    "posterior": {
        "mean": [
            0.07968113460435304,
            -0.018996741615438916,
            0.007046501542771978
        ],
        "stdev": [
            0.000829818872169285,
            0.0009486285252103221,
            0.0008849994902582146
        ],
        "median": [
            0.07966558165411991,
            -0.01899698557026515,
            0.007045129826806801
        ],
        "errlo": [
            0.07887483578258384,
            -0.019931230751345855,
            0.006144125241869219
        ],
        "errup": [
            0.08049817492495648,
            -0.01803116249860809,
            0.00791920684813363
        ],
        "information_gain_bits": [
            3.8162225142096045,
            3.8425334430587132,
            3.827182163699535
        ]
    },
    "maximum_likelihood": {
        "logl": -103874.6123383368,
        "point": [
            0.07970041228886868,
            -0.019011553890605062,
            0.007047999037391103
        ],
        "point_untransformed": [
            0.8985020614443434,
            0.4049422305469747,
            0.5352399951869555
        ]
    },
    "ncall": 11151,
    "paramnames": [
        "k1",
        "k2",
        "k3"
    ],
    "logzerr_single": 0.17386145125289562,
    "insertion_order_MWW_test": {
        "independent_iterations": Infinity,
        "converged": true
    }
}