{
    "niter": 6771,
    "logz": -141345.97275463855,
    "logzerr": 0.48478158807542865,
    "logz_bs": -141346.02943621686,
    "logz_single": -141345.97275463855,
    "logzerr_tail": 0.009930038882885128,
    "logzerr_bs": 0.48467987627373077,
    "ess": 1506.8775840418762,
    "H": 16.010532814951148,
    "Herr": 0.1696922932086998,
    "posterior": {
        "mean": [
            0.07951186037996903,
            -0.014619998464708255,
            0.004222632197154781,
            -0.0020414513471469537
        ],
        "stdev": [
            0.000715706035539241,
            0.0007762469060588428,
            0.0007850615338090614,
            0.0007349804449140186
        ],
        "median": [
            0.07951069918076156,
            -0.014604078218677152,
            0.004251606280895742,
            -0.002057185211206028
        ],
        "errlo": [
            0.07876755703572305,
            -0.015404910193384122,
            0.0034098538723107696,
            -0.0027502633577276003
        ],
        "errup": [
            0.08024210148267547,
            -0.013851647433032993,
            0.004958553522667747,
            -0.001317906988867662
        ],
        "information_gain_bits": [
            3.8152733334783626,
            3.9273751353162996,
            3.909409404766715,
            3.827980209112973
        ]
    },
    "maximum_likelihood": {
        "logl": -141328.04421067494,
        "point": [
            0.07956234047088082,
            -0.014524629128033734,
            0.004180297415606549,
            -0.0021272113861593722
        ],
        "point_untransformed": [
            0.8978117023544041,
            0.42737685435983136,
            0.5209014870780327,
            0.4893639430692031
        ]
    },
    "ncall": 14155,
    "paramnames": [
        "k1",
        "k2",
        "k3",
        "k4"
    ],
    "logzerr_single": 0.2000658192630062,
    "insertion_order_MWW_test": {
        "independent_iterations": Infinity,
        "converged": true
    }
}