,M,plusM,minusM,NF,logZ,logZerr
0,11.306273810706593,0.19405627131003556,0.20488297102610176,3,-107698.43362848376,0.3686008743604316
