,M,plusM,minusM,NF,logZ,logZerr
0,29.055893572321274,0.29230734303937567,0.28941682669921676,3,-339069.9531139007,0.34410026537899674
