,M,plusM,minusM,NF,logZ,logZerr
0,11.397528113951518,0.19909443325966514,0.20312644323922235,4,-107702.48000182504,0.39124804313441863
