,M,plusM,minusM,NF,logZ,logZerr
0,15.60681461155755,0.17006860209767005,0.1633926376594399,3,-105877.37163192975,0.3863004226145004
