{
    "niter": 6758,
    "logz": -107738.76151079676,
    "logzerr": 0.3771392421185929,
    "logz_bs": -107738.76450966757,
    "logz_single": -107738.76151079676,
    "logzerr_tail": 0.00994963628181722,
    "logzerr_bs": 0.3770079742971575,
    "ess": 1530.082638135078,
    "H": 16.044495538939373,
    "Herr": 0.13676353108461625,
    "posterior": {
        "mean": [
            0.06361159232081061,
            -0.007424791028094829,
            0.0018304931071310418,
            0.0003096968499087699
        ],
        "stdev": [
            0.0008876029263788711,
            0.0009366370878344477,
            0.0008941659601051193,
            0.0008833647398835803
        ],
        "median": [
            0.06361533022158394,
            -0.007387346408051401,
            0.001807970813140769,
            0.0003085777667111364
        ],
        "errlo": [
            0.0627224018038832,
            -0.008362356947742039,
            0.0009507719167157981,
            -0.0005914263925605179
        ],
        "errup": [
            0.06451505821527262,
            -0.0065096959411772804,
            0.00272287457594636,
            0.0011883654902287537
        ],
        "information_gain_bits": [
            3.8216450580292856,
            3.8170060713988785,
            3.829899130188092,
            3.827560549127289
        ]
    },
    "maximum_likelihood": {
        "logl": -107720.70133374036,
        "point": [
            0.06359082408046099,
            -0.007391856001073782,
            0.00188966073079197,
            0.0003721465118153161
        ],
        "point_untransformed": [
            0.8179541204023049,
            0.4630407199946311,
            0.5094483036539599,
            0.5018607325590766
        ]
    },
    "ncall": 14147,
    "paramnames": [
        "k1",
        "k2",
        "k3",
        "k4"
    ],
    "logzerr_single": 0.20027790404173007,
    "insertion_order_MWW_test": {
        "independent_iterations": Infinity,
        "converged": true
    }
}