{
    "niter": 5940,
    "logz": -113107.14549020673,
    "logzerr": 0.47465482869573383,
    "logz_bs": -113107.16935447669,
    "logz_single": -113107.14549020673,
    "logzerr_tail": 0.009955339948646724,
    "logzerr_bs": 0.4745504163001897,
    "ess": 1228.2399638213253,
    "H": 20.128213670643163,
    "Herr": 0.24927442265035638,
    "posterior": {
        "mean": [
            0.07949051984984451,
            -0.014196869618986592,
            0.0044422354727570645,
            -0.0011961127788828686,
            -3.6580809346115747e-05
        ],
        "stdev": [
            0.0007934753477383173,
            0.0008539710480313906,
            0.0008787422578460411,
            0.0008989323638848226,
            0.0008656493494969094
        ],
        "median": [
            0.0795276396495741,
            -0.014170291601799993,
            0.004447403431709879,
            -0.0011925263871214314,
            -3.0665201943225195e-05
        ],
        "errlo": [
            0.07870989499703568,
            -0.015073917297296513,
            0.003583262051057055,
            -0.0021002613859671115,
            -0.0009133561571294246
        ],
        "errup": [
            0.08026950927152937,
            -0.013350884919312231,
            0.0053468170319368735,
            -0.00032755114535643916,
            0.000817563415902417
        ],
        "information_gain_bits": [
            3.815236011774182,
            3.8679957541796273,
            3.8456177732265853,
            3.8502175648151393,
            3.8808427078597982
        ]
    },
    "maximum_likelihood": {
        "logl": -113084.56811939839,
        "point": [
            0.0794073330872676,
            -0.014302008309443906,
            0.004276295425067092,
            -0.0011664467489722885,
            -0.00011212064685843515
        ],
        "point_untransformed": [
            0.897036665436338,
            0.4284899584527805,
            0.5213814771253354,
            0.49416776625513853,
            0.4994393967657078
        ]
    },
    "ncall": 18063,
    "paramnames": [
        "k1",
        "k2",
        "k3",
        "k4",
        "k5"
    ],
    "logzerr_single": 0.22432238893299952,
    "insertion_order_MWW_test": {
        "independent_iterations": Infinity,
        "converged": true
    }
}