,M,plusM,minusM,NF,logZ,logZerr
0,15.869816894167997,0.19204739194026388,0.1788576465489271,4,-105876.3355588825,0.3247913744666034
