,M,plusM,minusM,NF,logZ,logZerr
0,15.00549711142343,0.20681506000262573,0.1869746654997968,4,-106032.23976514982,0.3009426885581014
