{
    "niter": 7276,
    "logz": -408571.87883275514,
    "logzerr": 0.33252316297339796,
    "logz_bs": -408571.87251577515,
    "logz_single": -408571.87883275514,
    "logzerr_tail": 0.009945355297531933,
    "logzerr_bs": 0.3323744030785747,
    "ess": 1621.3138292355898,
    "H": 13.966076439188328,
    "Herr": 0.14921542226839732,
    "posterior": {
        "mean": [
            0.07853894507024137,
            -0.011829073508176677,
            0.0033012955802474765
        ],
        "stdev": [
            0.0004267507694024383,
            0.00046579758440198525,
            0.00044232069841019535
        ],
        "median": [
            0.07853511140925226,
            -0.011819325147420429,
            0.0032966396549424445
        ],
        "errlo": [
            0.07810939964401095,
            -0.012284981371269071,
            0.0028690374901965826
        ],
        "errup": [
            0.07896605917043634,
            -0.011375742135156824,
            0.0037691033270424897
        ],
        "information_gain_bits": [
            3.9225660935120716,
            3.908287859120484,
            3.877003094846969
        ]
    },
    "maximum_likelihood": {
        "logl": -408556.4350625391,
        "point": [
            0.07855768735888871,
            -0.011825001531917095,
            0.0032661116008605717
        ],
        "point_untransformed": [
            0.8927884367944435,
            0.44087499234041455,
            0.5163305580043028
        ]
    },
    "ncall": 12284,
    "paramnames": [
        "k1",
        "k2",
        "k3"
    ],
    "logzerr_single": 0.18685607054085993,
    "insertion_order_MWW_test": {
        "independent_iterations": Infinity,
        "converged": true
    }
}