{
    "niter": 7301,
    "logz": -172326.43037414757,
    "logzerr": 0.22709210917719003,
    "logz_bs": -172326.5059511786,
    "logz_single": -172326.43037414757,
    "logzerr_tail": 0.009932885091984645,
    "logzerr_bs": 0.22687477568979375,
    "ess": 1601.7122340340634,
    "H": 16.85521720253746,
    "Herr": 0.15301184670027618,
    "posterior": {
        "mean": [
            0.06361438395271872,
            -0.008640616084754823,
            0.0023043687702545773,
            -0.0008532968471107878
        ],
        "stdev": [
            0.0006793620022736295,
            0.0007353946045437992,
            0.0007102242343436858,
            0.0007192936763355503
        ],
        "median": [
            0.06362483891061105,
            -0.008646314080764855,
            0.0023023056504151568,
            -0.0008437446138359617
        ],
        "errlo": [
            0.06293567946345754,
            -0.009387391799836595,
            0.0016019612355554907,
            -0.001584795971340286
        ],
        "errup": [
            0.0642912216081157,
            -0.007896259998415091,
            0.0030507214093449786,
            -0.0001730728725426299
        ],
        "information_gain_bits": [
            3.8269531983369762,
            3.850605093114629,
            3.818986006416319,
            3.928961483920855
        ]
    },
    "maximum_likelihood": {
        "logl": -172307.57360705815,
        "point": [
            0.06360315713516224,
            -0.008635045051122142,
            0.0023215625646607896,
            -0.0008138718280653878
        ],
        "point_untransformed": [
            0.8180157856758111,
            0.45682477474438926,
            0.5116078128233039,
            0.49593064085967303
        ]
    },
    "ncall": 15218,
    "paramnames": [
        "k1",
        "k2",
        "k3",
        "k4"
    ],
    "logzerr_single": 0.20527552948742733,
    "insertion_order_MWW_test": {
        "independent_iterations": Infinity,
        "converged": true
    }
}