{
    "niter": 6914,
    "logz": -282197.4282182848,
    "logzerr": 0.5944360921405959,
    "logz_bs": -282197.44299407414,
    "logz_single": -282197.4282182848,
    "logzerr_tail": 0.00992424541618675,
    "logzerr_bs": 0.594353242602665,
    "ess": 1304.9775028354925,
    "H": 22.64854372816626,
    "Herr": 0.24951044620843732,
    "posterior": {
        "mean": [
            0.06323562275216985,
            -0.007484318220198187,
            0.0014544345111286935,
            -0.00037675165291586253,
            8.65371553886356e-05
        ],
        "stdev": [
            0.0005368485285808679,
            0.0005641415848860152,
            0.0005587353536276529,
            0.0005639916566951346,
            0.0005390317019397337
        ],
        "median": [
            0.06323285996996991,
            -0.007475767333786937,
            0.001442073397954699,
            -0.0003776516543333719,
            8.74050308252855e-05
        ],
        "errlo": [
            0.06270385598677786,
            -0.008049406041223589,
            0.0009077483590740065,
            -0.0009400828231468907,
            -0.0004519571643339382
        ],
        "errup": [
            0.06378082349287116,
            -0.006943435409016777,
            0.0019940647118737304,
            0.00019083279134102238,
            0.0006560008779429582
        ],
        "information_gain_bits": [
            3.8722023423878427,
            3.817699220784392,
            3.9011498656164667,
            4.091468676416797,
            4.1419585136200014
        ]
    },
    "maximum_likelihood": {
        "logl": -282172.3394871699,
        "point": [
            0.06324087369432177,
            -0.007613949016145968,
            0.0014421391457298816,
            -0.00039210689692607825,
            0.00010666576150715479
        ],
        "point_untransformed": [
            0.8162043684716088,
            0.46193025491927014,
            0.5072106957286494,
            0.4980394655153696,
            0.5005333288075358
        ]
    },
    "ncall": 20623,
    "paramnames": [
        "k1",
        "k2",
        "k3",
        "k4",
        "k5"
    ],
    "logzerr_single": 0.23795243079324835,
    "insertion_order_MWW_test": {
        "independent_iterations": Infinity,
        "converged": true
    }
}