,M,plusM,minusM,NF,logZ,logZerr
0,7.613022240897719,0.12353137699523398,0.1217486251360107,4,-142244.59549434777,0.3169067109938637
