{
    "niter": 6434,
    "logz": -105711.85574276942,
    "logzerr": 0.32543909081788164,
    "logz_bs": -105711.85830026056,
    "logz_single": -105711.85574276942,
    "logzerr_tail": 0.009941027135937475,
    "logzerr_bs": 0.3252872235607356,
    "ess": 1550.4757691925356,
    "H": 12.152363937348127,
    "Herr": 0.1363429899550827,
    "posterior": {
        "mean": [
            0.06370988308189815,
            -0.011000830027015403,
            0.002708006924570503
        ],
        "stdev": [
            0.0008674133639233071,
            0.0008888456527919708,
            0.0009070963974198595
        ],
        "median": [
            0.06369231269223335,
            -0.010979366155762726,
            0.002709086242563344
        ],
        "errlo": [
            0.06283225607752828,
            -0.011929257765166887,
            0.001791369307100139
        ],
        "errup": [
            0.06460993514455224,
            -0.010120580234052781,
            0.003598615842573233
        ],
        "information_gain_bits": [
            3.819864349207249,
            3.836443066838336,
            3.815650939132985
        ]
    },
    "maximum_likelihood": {
        "logl": -105698.24036083356,
        "point": [
            0.06368345105090964,
            -0.0109938187443335,
            0.0027342299952307636
        ],
        "point_untransformed": [
            0.8184172552545482,
            0.4450309062783325,
            0.5136711499761538
        ]
    },
    "ncall": 10621,
    "paramnames": [
        "k1",
        "k2",
        "k3"
    ],
    "logzerr_single": 0.17430120436580557,
    "insertion_order_MWW_test": {
        "independent_iterations": Infinity,
        "converged": true
    }
}