,M,plusM,minusM,NF,logZ,logZerr
0,14.54471039449584,0.22673257552368042,0.21692698166260627,4,-172392.77333912667,0.4999129172592222
