,M,plusM,minusM,NF,logZ,logZerr
0,7.4624235881239755,0.13132325053199168,0.12275527085515137,4,-142183.63836880942,0.43256215726165154
