{
    "niter": 6809,
    "logz": -141350.50339132847,
    "logzerr": 0.4754611358809524,
    "logz_bs": -141350.56794080944,
    "logz_single": -141350.50339132847,
    "logzerr_tail": 0.009932837507221848,
    "logzerr_bs": 0.47535737132420763,
    "ess": 1407.08582287922,
    "H": 20.88840835314477,
    "Herr": 0.21865075382421648,
    "posterior": {
        "mean": [
            0.07947921938036519,
            -0.01457046594355458,
            0.0041815729013599855,
            -0.0017480816198947495,
            0.0010548409467594398
        ],
        "stdev": [
            0.0007222953467363831,
            0.0007859329433597224,
            0.0007682891434454423,
            0.0007762284989503399,
            0.0007875543019566652
        ],
        "median": [
            0.07949037538448234,
            -0.014580090455184727,
            0.004188405749689331,
            -0.0017694103785006188,
            0.0010781449044258429
        ],
        "errlo": [
            0.07874974176710955,
            -0.015336571509043995,
            0.003421395650679962,
            -0.002495907477655726,
            0.0002574091245206578
        ],
        "errup": [
            0.08022844462462636,
            -0.01376678817364059,
            0.004941002067549327,
            -0.0009806894776589609,
            0.001825077949542564
        ],
        "information_gain_bits": [
            3.8151969062178384,
            3.9157853743556905,
            3.9018683581408697,
            3.842965228571856,
            3.8850879235171
        ]
    },
    "maximum_likelihood": {
        "logl": -141327.15131367292,
        "point": [
            0.07949971179182172,
            -0.014663067421668771,
            0.004279184380908865,
            -0.0017272360298260375,
            0.001152887304158079
        ],
        "point_untransformed": [
            0.8974985589591086,
            0.42668466289165613,
            0.5213959219045443,
            0.4913638198508698,
            0.5057644365207904
        ]
    },
    "ncall": 19856,
    "paramnames": [
        "k1",
        "k2",
        "k3",
        "k4",
        "k5"
    ],
    "logzerr_single": 0.22851919149791758,
    "insertion_order_MWW_test": {
        "independent_iterations": Infinity,
        "converged": true
    }
}