{
    "niter": 7452,
    "logz": -339069.9531139007,
    "logzerr": 0.34410026537899674,
    "logz_bs": -339069.95690798643,
    "logz_single": -339069.9531139007,
    "logzerr_tail": 0.009937525319401175,
    "logzerr_bs": 0.3439567388850264,
    "ess": 1709.0385272112546,
    "H": 13.836393461679108,
    "Herr": 0.15867631251211575,
    "posterior": {
        "mean": [
            0.06322501802204579,
            -0.00761016547080355,
            0.0014217488233691726
        ],
        "stdev": [
            0.0004970635097264398,
            0.00052224594950524,
            0.0005022012057769833
        ],
        "median": [
            0.06322731967182518,
            -0.007624769612503773,
            0.0014248156601628023
        ],
        "errlo": [
            0.06272221889551396,
            -0.008090643268868325,
            0.0009016680195582383
        ],
        "errup": [
            0.06372010671981299,
            -0.007080235532151327,
            0.001907660408554654
        ],
        "information_gain_bits": [
            3.8820867688237635,
            3.8156231886825838,
            3.925653178913886
        ]
    },
    "maximum_likelihood": {
        "logl": -339054.6017861591,
        "point": [
            0.06324318280430771,
            -0.007653196197251688,
            0.0014048477227787404
        ],
        "point_untransformed": [
            0.8162159140215385,
            0.46173401901374156,
            0.5070242386138937
        ]
    },
    "ncall": 12623,
    "paramnames": [
        "k1",
        "k2",
        "k3"
    ],
    "logzerr_single": 0.18598651471060415,
    "insertion_order_MWW_test": {
        "independent_iterations": Infinity,
        "converged": true
    }
}