,M,plusM,minusM,NF,logZ,logZerr
0,28.62392299536799,0.24687041820746458,0.23261641787734533,2,-339068.7418452445,0.312893861094455
