,M,plusM,minusM,NF,logZ,logZerr
0,11.860946953465422,0.23207194896415295,0.23075791637700682,5,-105720.21718084406,0.4065938432960519
