,M,plusM,minusM,NF,logZ,logZerr
0,43.33263352143399,0.5637882835424222,0.6100126528453345,5,-275985.42346440593,0.4359253121734614
