,M,plusM,minusM,NF,logZ,logZerr
0,43.03473157545464,0.46845068534746304,0.5026283508287008,5,-423159.51124458556,0.4043503698260262
