{
    "niter": 7030,
    "logz": -198018.3202549485,
    "logzerr": 0.3485931437962332,
    "logz_bs": -198018.267824139,
    "logz_single": -198018.3202549485,
    "logzerr_tail": 0.009945703845005482,
    "logzerr_bs": 0.34845123457489535,
    "ess": 1671.9354353934577,
    "H": 12.912414553458802,
    "Herr": 0.12268674778216797,
    "posterior": {
        "mean": [
            0.07923607423259017,
            -0.01376240211857811,
            0.004252814977970366
        ],
        "stdev": [
            0.000618975973319752,
            0.0006787083931817611,
            0.0006480262819984969
        ],
        "median": [
            0.07922581204807608,
            -0.013767290488872541,
            0.004263953571830063
        ],
        "errlo": [
            0.07860923987180785,
            -0.014443852570005841,
            0.003580320172538648
        ],
        "errup": [
            0.0798817313826573,
            -0.01307698968707708,
            0.004895877435994844
        ],
        "information_gain_bits": [
            3.8183590431445804,
            3.860336541276142,
            3.9747386709081853
        ]
    },
    "maximum_likelihood": {
        "logl": -198003.86771115538,
        "point": [
            0.07922331652359452,
            -0.013763860467269434,
            0.004270627365786761
        ],
        "point_untransformed": [
            0.8961165826179726,
            0.43118069766365286,
            0.5213531368289338
        ]
    },
    "ncall": 11559,
    "paramnames": [
        "k1",
        "k2",
        "k3"
    ],
    "logzerr_single": 0.17966924161816628,
    "insertion_order_MWW_test": {
        "independent_iterations": Infinity,
        "converged": true
    }
}