{
    "niter": 6103,
    "logz": -339068.7418452445,
    "logzerr": 0.312893861094455,
    "logz_bs": -339068.7184680114,
    "logz_single": -339068.7418452445,
    "logzerr_tail": 0.00994505942799151,
    "logzerr_bs": 0.31273577362298965,
    "ess": 1534.9147490523676,
    "H": 9.22696094372077,
    "Herr": 0.12319280949185303,
    "posterior": {
        "mean": [
            0.06327030306836126,
            -0.007918356354652474
        ],
        "stdev": [
            0.00047836935399755287,
            0.0005119853976555688
        ],
        "median": [
            0.06327931405337991,
            -0.007921472295384105
        ],
        "errlo": [
            0.06278137183376722,
            -0.008413551751081258
        ],
        "errup": [
            0.06374165270336543,
            -0.007401593653710126
        ],
        "information_gain_bits": [
            3.885982303117848,
            3.8200426960355203
        ]
    },
    "maximum_likelihood": {
        "logl": -339058.53235353844,
        "point": [
            0.06326914610194867,
            -0.007934425322699862
        ],
        "point_untransformed": [
            0.8163457305097434,
            0.46032787338650066
        ]
    },
    "ncall": 7956,
    "paramnames": [
        "k1",
        "k2"
    ],
    "logzerr_single": 0.15187956531180197,
    "insertion_order_MWW_test": {
        "independent_iterations": Infinity,
        "converged": true
    }
}