,M,plusM,minusM,NF,logZ,logZerr
0,58.12868379438987,0.4840382560080485,0.4462383159723089,5,-305785.11536952696,0.4672298397529955
