,M,plusM,minusM,NF,logZ,logZerr
0,7.370442345031716,0.09904788701122946,0.09823881463298889,2,-142240.42515695203,0.3081414980490416
