,M,plusM,minusM,NF,logZ,logZerr
0,9.94660758205415,0.11842981924171347,0.12174315437776961,2,-69341.10010638168,0.20370192070226936
