{
    "niter": 5571,
    "logz": -70672.96132065218,
    "logzerr": 0.2611140628853974,
    "logz_bs": -70672.9372773321,
    "logz_single": -70672.96132065218,
    "logzerr_tail": 0.009938002127455547,
    "logzerr_bs": 0.2609248741500778,
    "ess": 1525.5731672217037,
    "H": 7.8061053391575115,
    "Herr": 0.10037495026049778,
    "posterior": {
        "mean": [
            0.07989899094415474,
            -0.016293583091191895
        ],
        "stdev": [
            0.0010074790112881084,
            0.0010801901513348949
        ],
        "median": [
            0.07986377817196219,
            -0.016335952699683826
        ],
        "errlo": [
            0.07892026010832745,
            -0.017357142510976198
        ],
        "errup": [
            0.08093434594362253,
            -0.015143677816839049
        ],
        "information_gain_bits": [
            3.817662158485803,
            3.7629132563407697
        ]
    },
    "maximum_likelihood": {
        "logl": -70664.16790183888,
        "point": [
            0.07987480470246494,
            -0.01631034815545425
        ],
        "point_untransformed": [
            0.8993740235123246,
            0.41844825922272877
        ]
    },
    "ncall": 7220,
    "paramnames": [
        "k1",
        "k2"
    ],
    "logzerr_single": 0.13969704129971322,
    "insertion_order_MWW_test": {
        "independent_iterations": Infinity,
        "converged": true
    }
}