,M,plusM,minusM,NF,logZ,logZerr
0,55.861684931559935,0.3676391548271525,0.3640534245495246,2,-305801.3184288461,0.1684188997662834
