{
    "niter": 7117,
    "logz": -278565.7814890632,
    "logzerr": 0.2619502150208426,
    "logz_bs": -278565.8613638489,
    "logz_single": -278565.7814890632,
    "logzerr_tail": 0.009951150044798851,
    "logzerr_bs": 0.2617611311143264,
    "ess": 1514.070123485988,
    "H": 17.545600874349475,
    "Herr": 0.16103427365974157,
    "posterior": {
        "mean": [
            0.07900877151830057,
            -0.01209572805974706,
            0.003470939495317229,
            -0.0011918342516183803
        ],
        "stdev": [
            0.0005298328971543691,
            0.000569727423539176,
            0.0005748329767718046,
            0.0005400807733512216
        ],
        "median": [
            0.079001893735865,
            -0.012086489650689716,
            0.0034749225759572316,
            -0.0011953907649243228
        ],
        "errlo": [
            0.07848628961022378,
            -0.012661587902893179,
            0.0028823729898658917,
            -0.0017271855097773375
        ],
        "errup": [
            0.07955654812599652,
            -0.01152193054119402,
            0.004046154493625442,
            -0.00066990794383813
        ],
        "information_gain_bits": [
            3.8318581080017835,
            3.8497335358381215,
            3.867741148095139,
            3.947042125430135
        ]
    },
    "maximum_likelihood": {
        "logl": -278546.217753414,
        "point": [
            0.07906134252966748,
            -0.012083134264730178,
            0.003431007900179542,
            -0.0012218333251457214
        ],
        "point_untransformed": [
            0.8953067126483374,
            0.4395843286763491,
            0.5171550395008977,
            0.49389083337427137
        ]
    },
    "ncall": 15259,
    "paramnames": [
        "k1",
        "k2",
        "k3",
        "k4"
    ],
    "logzerr_single": 0.20943734668361727,
    "insertion_order_MWW_test": {
        "independent_iterations": Infinity,
        "converged": true
    }
}