{
    "niter": 7118,
    "logz": -141338.77061662168,
    "logzerr": 0.4294316746001455,
    "logz_bs": -141338.69330995608,
    "logz_single": -141338.77061662168,
    "logzerr_tail": 0.009949146740837023,
    "logzerr_bs": 0.42931640736060217,
    "ess": 1537.020695650354,
    "H": 16.587634698982583,
    "Herr": 0.15062764437415158,
    "posterior": {
        "mean": [
            0.06357406589379264,
            -0.007975179680391407,
            0.0017944075747402424,
            -0.00039491384866933125
        ],
        "stdev": [
            0.0007530105827584476,
            0.0008004418959615214,
            0.0007938857769259371,
            0.0007872205426341972
        ],
        "median": [
            0.06359584627541176,
            -0.007971953554400814,
            0.001808886382572171,
            -0.00040334422985404544
        ],
        "errlo": [
            0.06283042507913632,
            -0.008775546478003757,
            0.0009816255814279334,
            -0.0011857377827411697
        ],
        "errup": [
            0.06432144339917542,
            -0.007157353698255171,
            0.002570953105452553,
            0.0003893730901583765
        ],
        "information_gain_bits": [
            3.8252516526065086,
            3.8177609867429636,
            3.8378371411819434,
            3.9307881316301487
        ]
    },
    "maximum_likelihood": {
        "logl": -141320.20743133323,
        "point": [
            0.06361812637774919,
            -0.007954216499371253,
            0.0017980856384910426,
            -0.00030206297094390044
        ],
        "point_untransformed": [
            0.818090631888746,
            0.46022891750314376,
            0.5089904281924552,
            0.4984896851452805
        ]
    },
    "ncall": 15175,
    "paramnames": [
        "k1",
        "k2",
        "k3",
        "k4"
    ],
    "logzerr_single": 0.20363960014559168,
    "insertion_order_MWW_test": {
        "independent_iterations": Infinity,
        "converged": true
    }
}