,M,plusM,minusM,NF,logZ,logZerr
0,18.953131849399863,0.15391785958758675,0.16517009621933454,2,-172553.05962068727,0.20799056637866087
