,M,plusM,minusM,NF,logZ,logZerr
0,14.645026814184886,0.10220672421027466,0.1004659208288956,2,-211944.7682996015,0.24318077917344724
