{
    "niter": 6115,
    "logz": -69308.18124599803,
    "logzerr": 0.2636515878165751,
    "logz_bs": -69308.25299038661,
    "logz_single": -69308.18124599803,
    "logzerr_tail": 0.009923968638759106,
    "logzerr_bs": 0.26346475021273363,
    "ess": 1313.9848294936683,
    "H": 19.294992690352956,
    "Herr": 0.1854294253931344,
    "posterior": {
        "mean": [
            0.07955883678235187,
            -0.016181434985297925,
            0.004549939650281498,
            -0.0020219137772943875,
            0.001285226750911995
        ],
        "stdev": [
            0.0010125910760811216,
            0.00111877684593587,
            0.0011394913337943568,
            0.0011587295929061916,
            0.0010766666247465219
        ],
        "median": [
            0.07958536884680872,
            -0.016125007264471136,
            0.004509859608147315,
            -0.0020519191958705135,
            0.0012867902720192503
        ],
        "errlo": [
            0.07852977339961681,
            -0.01729665198512746,
            0.0034223669583016442,
            -0.003135894027751105,
            0.00019093200295042245
        ],
        "errup": [
            0.08055065768616726,
            -0.015086893320184064,
            0.00574254262219237,
            -0.0008199880866454901,
            0.002378528318368406
        ],
        "information_gain_bits": [
            3.8149250592850263,
            3.731650523494475,
            3.729800434310797,
            3.8075755109887273,
            3.759527128755004
        ]
    },
    "maximum_likelihood": {
        "logl": -69286.37455378132,
        "point": [
            0.07955323567034792,
            -0.01612782183816419,
            0.004507403514404304,
            -0.0019192624746399017,
            0.0013253714703172215
        ],
        "point_untransformed": [
            0.8977661783517396,
            0.41936089080917904,
            0.5225370175720215,
            0.4904036876268005,
            0.5066268573515861
        ]
    },
    "ncall": 17284,
    "paramnames": [
        "k1",
        "k2",
        "k3",
        "k4",
        "k5"
    ],
    "logzerr_single": 0.2196303297039878,
    "insertion_order_MWW_test": {
        "independent_iterations": Infinity,
        "converged": true
    }
}