,M,plusM,minusM,NF,logZ,logZerr
0,19.69204271789611,0.1533234334179916,0.15327135887149268,2,-166967.82510537776,0.25815190912717617
