,M,plusM,minusM,NF,logZ,logZerr
0,14.769843297009432,0.21542610360317482,0.21569228385908268,3,-141334.39807249242,0.26510032592067284
