,M,plusM,minusM,NF,logZ,logZerr
0,20.181737704413653,0.216169475083273,0.21184973400124463,4,-141345.97275463855,0.48478158807542865
