{
    "niter": 5758,
    "logz": -139931.73231270455,
    "logzerr": 0.14926007955796866,
    "logz_bs": -139931.76879251233,
    "logz_single": -139931.73231270455,
    "logzerr_tail": 0.00993686672882177,
    "logzerr_bs": 0.148928942886414,
    "ess": 1533.5711056404296,
    "H": 8.378157536208164,
    "Herr": 0.09805094809510292,
    "posterior": {
        "mean": [
            0.07984760775826275,
            -0.01636487798814681
        ],
        "stdev": [
            0.0007351437402801838,
            0.0007580329862739332
        ],
        "median": [
            0.07982584977727065,
            -0.01635309215797346
        ],
        "errlo": [
            0.07910307146178214,
            -0.017117028477942012
        ],
        "errup": [
            0.08062075736260974,
            -0.015635878314034346
        ],
        "information_gain_bits": [
            3.8202957199430276,
            3.9047463165810847
        ]
    },
    "maximum_likelihood": {
        "logl": -139922.3396807038,
        "point": [
            0.0798581155731728,
            -0.016357722564484298
        ],
        "point_untransformed": [
            0.899290577865864,
            0.4182113871775785
        ]
    },
    "ncall": 7511,
    "paramnames": [
        "k1",
        "k2"
    ],
    "logzerr_single": 0.1447252356727064,
    "insertion_order_MWW_test": {
        "independent_iterations": Infinity,
        "converged": true
    }
}