,M,plusM,minusM,NF,logZ,logZerr
0,10.64116587935815,0.15982164222192097,0.16029067813037123,5,-70543.31368262187,0.4247648599227448
