,M,plusM,minusM,NF,logZ,logZerr
0,43.338103711351025,0.5477245448650265,0.5509326679618525,4,-275980.6738000376,0.2836117558666222
