,M,plusM,minusM,NF,logZ,logZerr
0,20.780969528242792,0.2006678960331918,0.19968639348669015,4,-166935.11892808395,0.4288948672942756
