{
    "niter": 7062,
    "logz": -113102.83096235886,
    "logzerr": 0.35529074750744255,
    "logz_bs": -113102.83772481987,
    "logz_single": -113102.83096235886,
    "logzerr_tail": 0.009951879997970536,
    "logzerr_bs": 0.3551513414713554,
    "ess": 1605.1028436019021,
    "H": 16.22087539821223,
    "Herr": 0.15901101364074313,
    "posterior": {
        "mean": [
            0.07943964533342716,
            -0.014201878999156948,
            0.004482731021526073,
            -0.0011641772663901673
        ],
        "stdev": [
            0.0008361384223280608,
            0.0009038478911887408,
            0.0008975369679692402,
            0.0008665076345738197
        ],
        "median": [
            0.07943190107286598,
            -0.014195742169369668,
            0.004473974087007802,
            -0.0011309268426459643
        ],
        "errlo": [
            0.07860499911360719,
            -0.015128311572926156,
            0.0035852545684831594,
            -0.002065251894837694
        ],
        "errup": [
            0.08030039968093952,
            -0.013300398261831464,
            0.005406339157382117,
            -0.000296464268667751
        ],
        "information_gain_bits": [
            3.8152706456801884,
            3.8523025277795777,
            3.8573951210451707,
            3.8641769208836325
        ]
    },
    "maximum_likelihood": {
        "logl": -113084.5362677348,
        "point": [
            0.07950897107952046,
            -0.014090175599920776,
            0.0045273314538694515,
            -0.0011785969489335052
        ],
        "point_untransformed": [
            0.8975448553976022,
            0.42954912200039613,
            0.5226366572693473,
            0.49410701525533246
        ]
    },
    "ncall": 15078,
    "paramnames": [
        "k1",
        "k2",
        "k3",
        "k4"
    ],
    "logzerr_single": 0.2013757395902758,
    "insertion_order_MWW_test": {
        "independent_iterations": Infinity,
        "converged": true
    }
}