{
    "niter": 7134,
    "logz": -423149.63917019207,
    "logzerr": 0.42523552327130315,
    "logz_bs": -423149.57312869123,
    "logz_single": -423149.63917019207,
    "logzerr_tail": 0.0099329364602454,
    "logzerr_bs": 0.4251194973476231,
    "ess": 1557.5655778243777,
    "H": 14.176731843093876,
    "Herr": 0.14315321886667257,
    "posterior": {
        "mean": [
            0.06264852473206164,
            -0.006867495115857393,
            0.0014178135495732326
        ],
        "stdev": [
            0.00043839271957087723,
            0.00045789855374643796,
            0.00044364993383467794
        ],
        "median": [
            0.06266593251863004,
            -0.0068614991641719955,
            0.0014085332711527565
        ],
        "errlo": [
            0.06219120106908463,
            -0.007326829747957897,
            0.0009838521605193273
        ],
        "errup": [
            0.06308691874746233,
            -0.006405707672138644,
            0.0018661550692367912
        ],
        "information_gain_bits": [
            4.041724788839745,
            3.881112969557613,
            3.9628520717554814
        ]
    },
    "maximum_likelihood": {
        "logl": -423133.99693386856,
        "point": [
            0.06265070885474333,
            -0.006889548046644392,
            0.0014363332612484792
        ],
        "point_untransformed": [
            0.8132535442737167,
            0.46555225976677805,
            0.5071816663062424
        ]
    },
    "ncall": 11918,
    "paramnames": [
        "k1",
        "k2",
        "k3"
    ],
    "logzerr_single": 0.18826000533234533,
    "insertion_order_MWW_test": {
        "independent_iterations": Infinity,
        "converged": true
    }
}