,M,plusM,minusM,NF,logZ,logZerr
0,19.917738145959444,0.19063739927807788,0.1849427643326642,3,-141345.80313405668,0.27044035119345144
