,M,plusM,minusM,NF,logZ,logZerr
0,15.260009235389822,0.1463748489917691,0.1438441799043808,2,-103915.37714903096,0.21219072997465474
