{
    "niter": 6768,
    "logz": -166938.15157602468,
    "logzerr": 0.4914161110671395,
    "logz_bs": -166938.20059239108,
    "logz_single": -166938.15157602468,
    "logzerr_tail": 0.00993681958061643,
    "logzerr_bs": 0.4913156356487889,
    "ess": 1359.6906323405608,
    "H": 21.018741889682133,
    "Herr": 0.23387505619306498,
    "posterior": {
        "mean": [
            0.07959519744039038,
            -0.01604274083857922,
            0.005494632010695225,
            -0.001742811705987846,
            0.0010365312641066303
        ],
        "stdev": [
            0.000657308374480693,
            0.0006967784108051564,
            0.0007101138641078798,
            0.0007366811114257104,
            0.0006940467006063056
        ],
        "median": [
            0.07959904863726752,
            -0.016036436946883885,
            0.005524745393258514,
            -0.001733894117543322,
            0.0010453501157079437
        ],
        "errlo": [
            0.07892967663978726,
            -0.016734761188613084,
            0.00478176476394571,
            -0.00249304169614617,
            0.00035424389238247755
        ],
        "errup": [
            0.08023116283209916,
            -0.015364563682990731,
            0.006164416474256518,
            -0.001025772812560305,
            0.0017101138662530407
        ],
        "information_gain_bits": [
            3.816021087405414,
            3.973823418496686,
            4.000225822094455,
            3.8429020368240043,
            3.911990752712241
        ]
    },
    "maximum_likelihood": {
        "logl": -166914.7396468246,
        "point": [
            0.07961775808823926,
            -0.01598417733416943,
            0.00549276784480017,
            -0.0016366413296195204,
            0.0011538899977017597
        ],
        "point_untransformed": [
            0.8980887904411963,
            0.4200791133291528,
            0.5274638392240009,
            0.4918167933519024,
            0.5057694499885088
        ]
    },
    "ncall": 19043,
    "paramnames": [
        "k1",
        "k2",
        "k3",
        "k4",
        "k5"
    ],
    "logzerr_single": 0.22923100733584306,
    "insertion_order_MWW_test": {
        "independent_iterations": Infinity,
        "converged": true
    }
}