,M,plusM,minusM,NF,logZ,logZerr
0,7.282347016971908,0.10265013719887683,0.09039464259461027,2,-142177.82073804268,0.22367005443061955
