,M,plusM,minusM,NF,logZ,logZerr
0,14.919121623798965,0.17405409472437405,0.17283771440767914,3,-106017.690584049,0.23774689527720316
