{
    "niter": 6124,
    "logz": -305801.3184288461,
    "logzerr": 0.1684188997662834,
    "logz_bs": -305801.3437927607,
    "logz_single": -305801.3184288461,
    "logzerr_tail": 0.009939851006492972,
    "logzerr_bs": 0.16812532575568184,
    "ess": 1553.8518174602477,
    "H": 9.189069141168147,
    "Herr": 0.10953652281282354,
    "posterior": {
        "mean": [
            0.07885663204828348,
            -0.013762392319125398
        ],
        "stdev": [
            0.0005166613111738379,
            0.0005155808354453368
        ],
        "median": [
            0.07883820242928126,
            -0.013760631900331922
        ],
        "errlo": [
            0.07834516958482872,
            -0.01429383449821002
        ],
        "errup": [
            0.07938967295829,
            -0.013240882384544836
        ],
        "information_gain_bits": [
            3.84790759565818,
            3.8903324607945335
        ]
    },
    "maximum_likelihood": {
        "logl": -305791.09533734736,
        "point": [
            0.07886633244914248,
            -0.01376895807648805
        ],
        "point_untransformed": [
            0.8943316622457124,
            0.43115520961755976
        ]
    },
    "ncall": 7883,
    "paramnames": [
        "k1",
        "k2"
    ],
    "logzerr_single": 0.15156738716795368,
    "insertion_order_MWW_test": {
        "independent_iterations": Infinity,
        "converged": true
    }
}