,M,plusM,minusM,NF,logZ,logZerr
0,39.48472532022151,0.36967071256884054,0.375571365618697,4,-198020.9262409251,0.1918856966561154
