{
    "niter": 5705,
    "logz": -138596.1588395735,
    "logzerr": 0.21646702786083408,
    "logz_bs": -138596.1615902783,
    "logz_single": -138596.1588395735,
    "logzerr_tail": 0.009939583105733618,
    "logzerr_bs": 0.21623870800249279,
    "ess": 1477.8484299433646,
    "H": 8.773831566533772,
    "Herr": 0.10212474629396613,
    "posterior": {
        "mean": [
            0.08012173155500207,
            -0.02020001619224136
        ],
        "stdev": [
            0.0007158432794503707,
            0.000773759692721366
        ],
        "median": [
            0.08011996944549263,
            -0.020196812140245574
        ],
        "errlo": [
            0.07937877521070827,
            -0.020976276280287198
        ],
        "errup": [
            0.08084552503374569,
            -0.019422856843527486
        ],
        "information_gain_bits": [
            3.832057648720688,
            3.9337587970394883
        ]
    },
    "maximum_likelihood": {
        "logl": -138586.38549523172,
        "point": [
            0.08012756263699847,
            -0.020209643723726217
        ],
        "point_untransformed": [
            0.9006378131849923,
            0.39895178138136894
        ]
    },
    "ncall": 7409,
    "paramnames": [
        "k1",
        "k2"
    ],
    "logzerr_single": 0.14810327111962934,
    "insertion_order_MWW_test": {
        "independent_iterations": Infinity,
        "converged": true
    }
}