,M,plusM,minusM,NF,logZ,logZerr
0,19.520756531431097,0.18415516400989773,0.15455808585126718,3,-172538.88096928832,0.34475162429237916
