{
    "niter": 7417,
    "logz": -106032.23976514982,
    "logzerr": 0.3009426885581014,
    "logz_bs": -106032.25163523598,
    "logz_single": -106032.23976514982,
    "logzerr_tail": 0.009942678574589081,
    "logzerr_bs": 0.30077839839213993,
    "ess": 1650.7918281324276,
    "H": 16.36057846112817,
    "Herr": 0.16034442772541016,
    "posterior": {
        "mean": [
            0.07953157101894318,
            -0.014072230880853525,
            0.0044071356629859365,
            -0.001519085126883889
        ],
        "stdev": [
            0.0008529492065487783,
            0.0008735040674990565,
            0.0009266762971514385,
            0.000883173181286601
        ],
        "median": [
            0.07954482102551555,
            -0.01406741158257846,
            0.004413947651979305,
            -0.0015198666346439987
        ],
        "errlo": [
            0.07869541269799085,
            -0.014921911477693728,
            0.00347938736096739,
            -0.0024041377236747874
        ],
        "errup": [
            0.08040228515299339,
            -0.01320657176228622,
            0.005333962776492521,
            -0.0006407731138287909
        ],
        "information_gain_bits": [
            3.8152834789594463,
            3.8519142350180693,
            3.824889658789363,
            3.846961262844587
        ]
    },
    "maximum_likelihood": {
        "logl": -106013.87222315455,
        "point": [
            0.07949566600517752,
            -0.014008522839061094,
            0.004385253847073195,
            -0.0015419425607778453
        ],
        "point_untransformed": [
            0.8974783300258876,
            0.4299573858046945,
            0.521926269235366,
            0.4922902871961108
        ]
    },
    "ncall": 15565,
    "paramnames": [
        "k1",
        "k2",
        "k3",
        "k4"
    ],
    "logzerr_single": 0.20224105951270238,
    "insertion_order_MWW_test": {
        "independent_iterations": Infinity,
        "converged": true
    }
}