,M,plusM,minusM,NF,logZ,logZerr
0,14.96406443552766,0.24626228536311778,0.2484904083625672,4,-141038.46928036254,0.40322272012335325
