{
    "niter": 6013,
    "logz": -283961.5228796818,
    "logzerr": 0.21455644934419818,
    "logz_bs": -283961.55606638663,
    "logz_single": -283961.5228796818,
    "logzerr_tail": 0.009947995888069272,
    "logzerr_bs": 0.21432570385513827,
    "ess": 1538.3358020510227,
    "H": 9.05864982213825,
    "Herr": 0.11326283520446932,
    "posterior": {
        "mean": [
            0.06310688009238273,
            -0.007298734101885531
        ],
        "stdev": [
            0.0005251502344000461,
            0.0005586136382394203
        ],
        "median": [
            0.0631040178030037,
            -0.007302554569691019
        ],
        "errlo": [
            0.0625892471359975,
            -0.007878498676636342
        ],
        "errup": [
            0.06361746133187354,
            -0.0067423675769209684
        ],
        "information_gain_bits": [
            3.8921081662071684,
            3.826004410877697
        ]
    },
    "maximum_likelihood": {
        "logl": -283951.4649589314,
        "point": [
            0.06311369651813895,
            -0.007285261869848042
        ],
        "point_untransformed": [
            0.8155684825906947,
            0.4635736906507598
        ]
    },
    "ncall": 7979,
    "paramnames": [
        "k1",
        "k2"
    ],
    "logzerr_single": 0.15048795485136218,
    "insertion_order_MWW_test": {
        "independent_iterations": Infinity,
        "converged": true
    }
}