{
    "niter": 6626,
    "logz": -70486.48957999314,
    "logzerr": 0.2591085789351746,
    "logz_bs": -70486.53590291907,
    "logz_single": -70486.48957999314,
    "logzerr_tail": 0.009937393988366239,
    "logzerr_bs": 0.25891794815834146,
    "ess": 1550.6276310059216,
    "H": 15.273409379369696,
    "Herr": 0.17697310051995954,
    "posterior": {
        "mean": [
            0.06359728734513373,
            -0.010771992392305928,
            0.0023070539753552734,
            -0.00132362075543612
        ],
        "stdev": [
            0.001072134932781294,
            0.0011089841891585546,
            0.0011735164865218622,
            0.0011073250680836404
        ],
        "median": [
            0.06358254527340511,
            -0.01078338726183796,
            0.0023361975194027065,
            -0.0013213716338885684
        ],
        "errlo": [
            0.06256486331805014,
            -0.011858948895798943,
            0.0011123989906740989,
            -0.002442289971777617
        ],
        "errup": [
            0.06469232489829468,
            -0.00966256656373679,
            0.0034693306119776973,
            -0.00019959407877298552
        ],
        "information_gain_bits": [
            3.818214200852491,
            3.7080465286588966,
            3.7983790540115674,
            3.765019749973947
        ]
    },
    "maximum_likelihood": {
        "logl": -70469.20639570268,
        "point": [
            0.06369858003111584,
            -0.01077071006303501,
            0.002220602136582997,
            -0.0013610136274772727
        ],
        "point_untransformed": [
            0.8184929001555792,
            0.446146449684825,
            0.511103010682915,
            0.49319493186261365
        ]
    },
    "ncall": 14624,
    "paramnames": [
        "k1",
        "k2",
        "k3",
        "k4"
    ],
    "logzerr_single": 0.19540604762500122,
    "insertion_order_MWW_test": {
        "independent_iterations": Infinity,
        "converged": true
    }
}