{
    "niter": 7803,
    "logz": -339075.04526487604,
    "logzerr": 0.2738747047922189,
    "logz_bs": -339075.0536340797,
    "logz_single": -339075.04526487604,
    "logzerr_tail": 0.009937521128449589,
    "logzerr_bs": 0.2736943543422967,
    "ess": 1671.3380557300277,
    "H": 18.56798886071192,
    "Herr": 0.15897469510635479,
    "posterior": {
        "mean": [
            0.06323654998138124,
            -0.0076393967558543475,
            0.001329511422160612,
            -0.0003775176029975071
        ],
        "stdev": [
            0.0004977823901368274,
            0.0005382960866973428,
            0.000525722252568352,
            0.0005423772151953973
        ],
        "median": [
            0.0632363889072026,
            -0.007639532078032085,
            0.001335555729511606,
            -0.0003689408159561758
        ],
        "errlo": [
            0.0627430851292586,
            -0.008191867125703085,
            0.000796245094386,
            -0.0009496742972763123
        ],
        "errup": [
            0.0637215001397208,
            -0.007107876656616746,
            0.0018495698509184005,
            0.00014724815861484608
        ],
        "information_gain_bits": [
            3.882698823323566,
            3.8154478087403176,
            3.9400176048429407,
            4.130465200762656
        ]
    },
    "maximum_likelihood": {
        "logl": -339054.33652537083,
        "point": [
            0.06316826663745384,
            -0.007624691959924851,
            0.0013723855071795243,
            -0.000367895333611451
        ],
        "point_untransformed": [
            0.8158413331872691,
            0.4618765402003758,
            0.5068619275358976,
            0.4981605233319428
        ]
    },
    "ncall": 16436,
    "paramnames": [
        "k1",
        "k2",
        "k3",
        "k4"
    ],
    "logzerr_single": 0.21545294649129262,
    "insertion_order_MWW_test": {
        "independent_iterations": Infinity,
        "converged": true
    }
}