{
    "niter": 5781,
    "logz": -198085.10998379858,
    "logzerr": 0.2170358501566334,
    "logz_bs": -198085.05725396465,
    "logz_single": -198085.10998379858,
    "logzerr_tail": 0.009934352390700951,
    "logzerr_bs": 0.21680836906307377,
    "ess": 1487.4692298331986,
    "H": 8.728171086899238,
    "Herr": 0.10956673857040466,
    "posterior": {
        "mean": [
            0.07934705144133261,
            -0.014315168456092821
        ],
        "stdev": [
            0.0005978087049322961,
            0.0006392528680241258
        ],
        "median": [
            0.07935427167073278,
            -0.014339479451250497
        ],
        "errlo": [
            0.07874877229850832,
            -0.014936271184220667
        ],
        "errup": [
            0.079943866143206,
            -0.013659175079750202
        ],
        "information_gain_bits": [
            3.8163084137124197,
            3.9321145526274255
        ]
    },
    "maximum_likelihood": {
        "logl": -198075.4206244728,
        "point": [
            0.07934437366643185,
            -0.014305256873152233
        ],
        "point_untransformed": [
            0.8967218683321593,
            0.42847371563423886
        ]
    },
    "ncall": 7586,
    "paramnames": [
        "k1",
        "k2"
    ],
    "logzerr_single": 0.14771739138384515,
    "insertion_order_MWW_test": {
        "independent_iterations": Infinity,
        "converged": true
    }
}