,M,plusM,minusM,NF,logZ,logZerr
0,14.977485844335547,0.2619329776483035,0.2787261939467385,5,-141042.80086151426,0.4533469187939699
