{
    "niter": 5566,
    "logz": -107731.83549492346,
    "logzerr": 0.20185006047112095,
    "logz_bs": -107731.85823002993,
    "logz_single": -107731.83549492346,
    "logzerr_tail": 0.009926843500579707,
    "logzerr_bs": 0.2016058151202742,
    "ess": 1504.2695289091755,
    "H": 8.114310686520184,
    "Herr": 0.11891275544085789,
    "posterior": {
        "mean": [
            0.06360739709840284,
            -0.00785566325242057
        ],
        "stdev": [
            0.0008774552473201485,
            0.0008933945959862961
        ],
        "median": [
            0.0636164889233943,
            -0.007864249529189765
        ],
        "errlo": [
            0.06271407941738141,
            -0.008746309753723716
        ],
        "errup": [
            0.06449102425864789,
            -0.006975880229518779
        ],
        "information_gain_bits": [
            3.821601356034067,
            3.815800900422341
        ]
    },
    "maximum_likelihood": {
        "logl": -107722.71412691771,
        "point": [
            0.06365551536287747,
            -0.007832179098186579
        ],
        "point_untransformed": [
            0.8182775768143874,
            0.4608391045090671
        ]
    },
    "ncall": 7134,
    "paramnames": [
        "k1",
        "k2"
    ],
    "logzerr_single": 0.1424281458009633,
    "insertion_order_MWW_test": {
        "independent_iterations": Infinity,
        "converged": true
    }
}