{
    "niter": 7201,
    "logz": -282187.5923719392,
    "logzerr": 0.3214379972121333,
    "logz_bs": -282187.5885880448,
    "logz_single": -282187.5923719392,
    "logzerr_tail": 0.009946499194484204,
    "logzerr_bs": 0.3212840693304315,
    "ess": 1641.4425575930793,
    "H": 13.486235387914348,
    "Herr": 0.15135151205068337,
    "posterior": {
        "mean": [
            0.06318412129671103,
            -0.00750037743271854,
            0.001527432935289663
        ],
        "stdev": [
            0.0005265120652705446,
            0.0005732975863484617,
            0.0005653630350379063
        ],
        "median": [
            0.06319137722722454,
            -0.007480075442827236,
            0.0015443064367864079
        ],
        "errlo": [
            0.06265843525410943,
            -0.008084853779058404,
            0.0009476940030486852
        ],
        "errup": [
            0.06372011682790188,
            -0.006936208834934628,
            0.0020918873738245553
        ],
        "information_gain_bits": [
            3.87851774785784,
            3.8179454726923256,
            3.888709753388531
        ]
    },
    "maximum_likelihood": {
        "logl": -282172.59725153795,
        "point": [
            0.06320031482935826,
            -0.007532855110033002,
            0.0015325444210272376
        ],
        "point_untransformed": [
            0.8160015741467913,
            0.462335724449835,
            0.5076627221051362
        ]
    },
    "ncall": 11976,
    "paramnames": [
        "k1",
        "k2",
        "k3"
    ],
    "logzerr_single": 0.18361805050099478,
    "insertion_order_MWW_test": {
        "independent_iterations": Infinity,
        "converged": true
    }
}