,M,plusM,minusM,NF,logZ,logZerr
0,11.119714345142457,0.22048026007088772,0.21932131517846365,3,-84150.2710545919,0.3830443993957272
