,M,plusM,minusM,NF,logZ,logZerr
0,55.14238433073058,0.31512260587643937,0.32148636719426804,2,-408593.4487145916,0.2872730959007767
