{
    "niter": 5570,
    "logz": -105900.60535680337,
    "logzerr": 0.1791476751831752,
    "logz_bs": -105900.6227451386,
    "logz_single": -105900.60535680337,
    "logzerr_tail": 0.009946765712811612,
    "logzerr_bs": 0.17887132630858105,
    "ess": 1523.487534566485,
    "H": 7.996713063606876,
    "Herr": 0.09381200320634815,
    "posterior": {
        "mean": [
            0.08007379138506437,
            -0.019111511576597087
        ],
        "stdev": [
            0.0008254152472038296,
            0.000873501984542182
        ],
        "median": [
            0.08009555310849156,
            -0.01913045527277636
        ],
        "errlo": [
            0.07925382552708865,
            -0.01993781418565424
        ],
        "errup": [
            0.08087135071396914,
            -0.018232100611384486
        ],
        "information_gain_bits": [
            3.8260097589767685,
            3.850294436929443
        ]
    },
    "maximum_likelihood": {
        "logl": -105891.62581985808,
        "point": [
            0.0800553803130725,
            -0.019105189907170944
        ],
        "point_untransformed": [
            0.9002769015653624,
            0.4044740504641453
        ]
    },
    "ncall": 7047,
    "paramnames": [
        "k1",
        "k2"
    ],
    "logzerr_single": 0.14139230056483695,
    "insertion_order_MWW_test": {
        "independent_iterations": Infinity,
        "converged": true
    }
}