{
    "niter": 6298,
    "logz": -106036.15751558224,
    "logzerr": 0.47718071820946567,
    "logz_bs": -106036.17582095809,
    "logz_single": -106036.15751558224,
    "logzerr_tail": 0.009956737834727392,
    "logzerr_bs": 0.47707682945474517,
    "ess": 1333.9104899015947,
    "H": 19.91893861409335,
    "Herr": 0.27171177648556233,
    "posterior": {
        "mean": [
            0.07952741950394472,
            -0.014029322842609285,
            0.004396233589517457,
            -0.0013855495931582823,
            0.0004028863968496584
        ],
        "stdev": [
            0.0008478437365228366,
            0.0008968972589886563,
            0.0009134464426966575,
            0.0009008673704386887,
            0.0008511088267311858
        ],
        "median": [
            0.07954293358652778,
            -0.014028564204516425,
            0.004413918603088596,
            -0.001372230326108878,
            0.00041024246827041366
        ],
        "errlo": [
            0.07869650078246058,
            -0.014925998881295005,
            0.003496130254547508,
            -0.0022852111020474214,
            -0.0004447532638810342
        ],
        "errup": [
            0.08036997056698089,
            -0.013141709381457256,
            0.00534507109559923,
            -0.0004933953664112561,
            0.001255785296987002
        ],
        "information_gain_bits": [
            3.8152533263919746,
            3.8356353257206925,
            3.833093739213869,
            3.8497106858282946,
            3.8373690261293536
        ]
    },
    "maximum_likelihood": {
        "logl": -106013.80680155399,
        "point": [
            0.07959439584615344,
            -0.01407619540315122,
            0.004217232396267076,
            -0.001557755070673475,
            0.0004240851944621593
        ],
        "point_untransformed": [
            0.8979719792307671,
            0.4296190229842439,
            0.5210861619813354,
            0.49221122464663264,
            0.5021204259723108
        ]
    },
    "ncall": 18555,
    "paramnames": [
        "k1",
        "k2",
        "k3",
        "k4",
        "k5"
    ],
    "logzerr_single": 0.22315319073504947,
    "insertion_order_MWW_test": {
        "independent_iterations": Infinity,
        "converged": true
    }
}