,M,plusM,minusM,NF,logZ,logZerr
0,15.033869244462569,0.20375464491433348,0.19694189041958055,3,-172322.59262323074,0.24130630312758247
