{
    "niter": 5837,
    "logz": -141332.66093482083,
    "logzerr": 0.266397163600117,
    "logz_bs": -141332.6367859782,
    "logz_single": -141332.66093482083,
    "logzerr_tail": 0.009940189338522032,
    "logzerr_bs": 0.26621164777316153,
    "ess": 1569.0523477993422,
    "H": 8.477198263863102,
    "Herr": 0.09968148838454875,
    "posterior": {
        "mean": [
            0.06359931783029735,
            -0.00840277083654197
        ],
        "stdev": [
            0.0007634134279838457,
            0.000803897248784184
        ],
        "median": [
            0.06361381035575414,
            -0.008394215235674143
        ],
        "errlo": [
            0.06280343512667574,
            -0.00921336582384377
        ],
        "errup": [
            0.06436747286317693,
            -0.0075598925137434075
        ],
        "information_gain_bits": [
            3.8253982453663755,
            3.831572307630458
        ]
    },
    "maximum_likelihood": {
        "logl": -141323.14069637074,
        "point": [
            0.06362456952109638,
            -0.008402970330257387
        ],
        "point_untransformed": [
            0.8181228476054819,
            0.45798514834871307
        ]
    },
    "ncall": 7658,
    "paramnames": [
        "k1",
        "k2"
    ],
    "logzerr_single": 0.14557814279505613,
    "insertion_order_MWW_test": {
        "independent_iterations": Infinity,
        "converged": true
    }
}