{
    "niter": 7055,
    "logz": -166935.11892808395,
    "logzerr": 0.4288948672942756,
    "logz_bs": -166935.0723854996,
    "logz_single": -166935.11892808395,
    "logzerr_tail": 0.009935743175446987,
    "logzerr_bs": 0.428779766545631,
    "ess": 1490.0633249958148,
    "H": 17.382404425239656,
    "Herr": 0.18762410830449372,
    "posterior": {
        "mean": [
            0.07959158032020633,
            -0.016102802830985686,
            0.005536384620599592,
            -0.0021101559018213327
        ],
        "stdev": [
            0.0006573793413675422,
            0.0007265011635537682,
            0.0007065771070532997,
            0.0006882491600859762
        ],
        "median": [
            0.07958006586746771,
            -0.01612310093323746,
            0.005535641446147682,
            -0.0021145484140168425
        ],
        "errlo": [
            0.07893024068229565,
            -0.016820486764296236,
            0.004833108614998888,
            -0.002776369899284578
        ],
        "errup": [
            0.08024455149080154,
            -0.015368019901564112,
            0.006234469547306706,
            -0.0014115948851075172
        ],
        "information_gain_bits": [
            3.8158001997461235,
            3.966913175784757,
            3.9938493904515924,
            3.8254109526109956
        ]
    },
    "maximum_likelihood": {
        "logl": -166915.77303181784,
        "point": [
            0.07952473860498852,
            -0.016093127284880174,
            0.005509524094811535,
            -0.002088585452669739
        ],
        "point_untransformed": [
            0.8976236930249425,
            0.41953436357559915,
            0.5275476204740577,
            0.48955707273665133
        ]
    },
    "ncall": 14941,
    "paramnames": [
        "k1",
        "k2",
        "k3",
        "k4"
    ],
    "logzerr_single": 0.2084610540678981,
    "insertion_order_MWW_test": {
        "independent_iterations": Infinity,
        "converged": true
    }
}