,M,plusM,minusM,NF,logZ,logZerr
0,14.834692761914056,0.17947277597940392,0.190575447887106,2,-140992.07044967788,0.1739013063198391
