{
    "niter": 6534,
    "logz": -69304.24091018348,
    "logzerr": 0.2787754517454941,
    "logz_bs": -69304.27840782357,
    "logz_single": -69304.24091018348,
    "logzerr_tail": 0.009924802390742116,
    "logzerr_bs": 0.2785987271927297,
    "ess": 1446.082530479138,
    "H": 15.323144952912116,
    "Herr": 0.1954849623506606,
    "posterior": {
        "mean": [
            0.07955321999676157,
            -0.016166143835072894,
            0.004623530782723191,
            -0.0023861312254942623
        ],
        "stdev": [
            0.0010083274246691586,
            0.0010782014624789902,
            0.0010967476445798458,
            0.00104171160533996
        ],
        "median": [
            0.07952854128032638,
            -0.016174009887546234,
            0.004586158686302369,
            -0.002376237477569182
        ],
        "errlo": [
            0.07853967522885955,
            -0.017242632414622913,
            0.003558211044381112,
            -0.003384719422018103
        ],
        "errup": [
            0.08055663848706485,
            -0.015064232236430344,
            0.005740248695836669,
            -0.001339110107700825
        ],
        "information_gain_bits": [
            3.8150171988028716,
            3.73417383621157,
            3.7329129519229194,
            3.810043669203828
        ]
    },
    "maximum_likelihood": {
        "logl": -69287.06096145813,
        "point": [
            0.07964531365296729,
            -0.01631129742696305,
            0.004538104354966266,
            -0.0024072051496612096
        ],
        "point_untransformed": [
            0.8982265682648364,
            0.4184435128651847,
            0.5226905217748313,
            0.48796397425169397
        ]
    },
    "ncall": 13285,
    "paramnames": [
        "k1",
        "k2",
        "k3",
        "k4"
    ],
    "logzerr_single": 0.19572394432536938,
    "insertion_order_MWW_test": {
        "independent_iterations": Infinity,
        "converged": true
    }
}