{
    "niter": 5443,
    "logz": -70481.1441159204,
    "logzerr": 0.2578524930786183,
    "logz_bs": -70481.1376115254,
    "logz_single": -70481.1441159204,
    "logzerr_tail": 0.009942423799657263,
    "logzerr_bs": 0.2576607389491983,
    "ess": 1525.2736242698716,
    "H": 7.533054131388781,
    "Herr": 0.10458064719579752,
    "posterior": {
        "mean": [
            0.06373776873696721,
            -0.011399181887579586
        ],
        "stdev": [
            0.0010354694133938652,
            0.001100898158603576
        ],
        "median": [
            0.06377225226133812,
            -0.01142009058226126
        ],
        "errlo": [
            0.06270262974059782,
            -0.01248585678888757
        ],
        "errup": [
            0.06474572240053056,
            -0.010288692321076726
        ],
        "information_gain_bits": [
            3.8135293441508766,
            3.7432874471360846
        ]
    },
    "maximum_likelihood": {
        "logl": -70472.64439843461,
        "point": [
            0.06375062894667591,
            -0.011395310376917017
        ],
        "point_untransformed": [
            0.8187531447333796,
            0.44302344811541494
        ]
    },
    "ncall": 7070,
    "paramnames": [
        "k1",
        "k2"
    ],
    "logzerr_single": 0.13723204920306317,
    "insertion_order_MWW_test": {
        "independent_iterations": Infinity,
        "converged": true
    }
}