{
    "niter": 6981,
    "logz": -172392.77333912667,
    "logzerr": 0.4999129172592222,
    "logz_bs": -172392.77197951314,
    "logz_single": -172392.77333912667,
    "logzerr_tail": 0.009944847057340667,
    "logzerr_bs": 0.4998139902600087,
    "ess": 1489.542543302957,
    "H": 17.075007578590885,
    "Herr": 0.1914361709428872,
    "posterior": {
        "mean": [
            0.06354175118995424,
            -0.007207613162088345,
            0.0013970993195654134,
            -0.00020251601409194844
        ],
        "stdev": [
            0.0006655950383222727,
            0.0007218377360911405,
            0.0007098576490051898,
            0.0006960410096255388
        ],
        "median": [
            0.06353986309412626,
            -0.0072157002003662984,
            0.001399877593708826,
            -0.0002021051229994797
        ],
        "errlo": [
            0.0628569942861694,
            -0.007914980410713271,
            0.0007102623308099798,
            -0.0008599538215980501
        ],
        "errup": [
            0.0642279166296274,
            -0.006479648755933987,
            0.0021101789913465147,
            0.0004946180315514442
        ],
        "information_gain_bits": [
            3.8312983354988015,
            3.826180928581882,
            3.8762864288164955,
            4.015392043833384
        ]
    },
    "maximum_likelihood": {
        "logl": -172373.78589731327,
        "point": [
            0.06353608811447495,
            -0.007221863000559922,
            0.001429162570501491,
            -0.00029262006254807127
        ],
        "point_untransformed": [
            0.8176804405723748,
            0.4638906849972004,
            0.5071458128525075,
            0.49853689968725967
        ]
    },
    "ncall": 15159,
    "paramnames": [
        "k1",
        "k2",
        "k3",
        "k4"
    ],
    "logzerr_single": 0.20660958096486526,
    "insertion_order_MWW_test": {
        "independent_iterations": Infinity,
        "converged": true
    }
}