,M,plusM,minusM,NF,logZ,logZerr
0,10.364788446787848,0.14636566996497358,0.1431656769114369,3,-69327.41229082576,0.16195751425165641
