{
    "niter": 7404,
    "logz": -283968.24902790977,
    "logzerr": 0.2923193543152786,
    "logz_bs": -283968.22200804664,
    "logz_single": -283968.24902790977,
    "logzerr_tail": 0.009946580103132874,
    "logzerr_bs": 0.29215008206665516,
    "ess": 1556.3924131299432,
    "H": 17.62498281855369,
    "Herr": 0.1280035352000639,
    "posterior": {
        "mean": [
            0.06308139410112,
            -0.00698726012970053,
            0.0012432815336933377,
            -0.0002532601940561912
        ],
        "stdev": [
            0.0005284407594265477,
            0.000551022990021965,
            0.0005580338518223891,
            0.0005638058927982864
        ],
        "median": [
            0.06309308426334251,
            -0.006981143087912783,
            0.0012401912208331173,
            -0.00024271091107457704
        ],
        "errlo": [
            0.06254804654252297,
            -0.007529461009459823,
            0.0006818381201944279,
            -0.000821532916666215
        ],
        "errup": [
            0.06360809566630872,
            -0.006437815645894695,
            0.0017877056935994978,
            0.0003139081667450083
        ],
        "information_gain_bits": [
            3.8975256945474634,
            3.8517768459394115,
            3.9408357382913137,
            4.1418919183620995
        ]
    },
    "maximum_likelihood": {
        "logl": -283948.6376459184,
        "point": [
            0.0630988555812814,
            -0.006993575141355651,
            0.0012248932638140586,
            -0.00023022106385889307
        ],
        "point_untransformed": [
            0.8154942779064069,
            0.46503212429322177,
            0.5061244663190703,
            0.49884889468070553
        ]
    },
    "ncall": 15339,
    "paramnames": [
        "k1",
        "k2",
        "k3",
        "k4"
    ],
    "logzerr_single": 0.2099105929827845,
    "insertion_order_MWW_test": {
        "independent_iterations": Infinity,
        "converged": true
    }
}