,M,plusM,minusM,NF,logZ,logZerr
0,7.457938665708399,0.1367507422962504,0.12845975805867482,5,-142187.9165987327,0.31978556986080847
