{
    "niter": 6889,
    "logz": -140991.53074242888,
    "logzerr": 0.17157047512317614,
    "logz_bs": -140991.57209163884,
    "logz_single": -140991.53074242888,
    "logzerr_tail": 0.00993636017665267,
    "logzerr_bs": 0.17128250547102652,
    "ess": 1635.263600254246,
    "H": 12.785829614527756,
    "Herr": 0.13853830487695715,
    "posterior": {
        "mean": [
            0.0636773793357371,
            -0.00949362038833146,
            0.002609571958172133
        ],
        "stdev": [
            0.0007399727694130077,
            0.0007847407652748015,
            0.0008082433917861684
        ],
        "median": [
            0.06369381528563953,
            -0.009490855427198741,
            0.0026231357733841054
        ],
        "errlo": [
            0.06291492099515014,
            -0.010263743015357013,
            0.0017946985035854847
        ],
        "errup": [
            0.06440111239234067,
            -0.008710954290698,
            0.0034115958700110804
        ],
        "information_gain_bits": [
            3.8230325961666916,
            3.9065508222702046,
            3.815359268757167
        ]
    },
    "maximum_likelihood": {
        "logl": -140977.2597814351,
        "point": [
            0.06369141130094014,
            -0.009437103104910624,
            0.0025755133327403507
        ],
        "point_untransformed": [
            0.8184570565047007,
            0.45281448447544687,
            0.5128775666637018
        ]
    },
    "ncall": 11640,
    "paramnames": [
        "k1",
        "k2",
        "k3"
    ],
    "logzerr_single": 0.17878639220119463,
    "insertion_order_MWW_test": {
        "independent_iterations": Infinity,
        "converged": true
    }
}