{
    "niter": 6981,
    "logz": -283973.64114140987,
    "logzerr": 0.4762605880811099,
    "logz_bs": -283973.64125425013,
    "logz_single": -283973.64114140987,
    "logzerr_tail": 0.009942092234268785,
    "logzerr_bs": 0.4761568045942113,
    "ess": 1320.8509408711102,
    "H": 22.576948081026785,
    "Herr": 0.2785323598417801,
    "posterior": {
        "mean": [
            0.06309713748354673,
            -0.007028777098276566,
            0.0012078819422780738,
            -0.0002124314079219823,
            5.733540828594084e-05
        ],
        "stdev": [
            0.0005440994004265882,
            0.0005508895084816466,
            0.000544096192534731,
            0.0005625985909225449,
            0.0005400885198556162
        ],
        "median": [
            0.063114499715859,
            -0.007022243280748283,
            0.0012160887469740977,
            -0.00021766568412029397,
            2.5249320874110026e-05
        ],
        "errlo": [
            0.06251814542822304,
            -0.007574749867959044,
            0.0006693724597286871,
            -0.000766533365173655,
            -0.00047895555323278216
        ],
        "errup": [
            0.06363704098696323,
            -0.00647306439550982,
            0.0017299110509338272,
            0.0003535893585219496,
            0.0006075429139168061
        ],
        "information_gain_bits": [
            3.8912277397215087,
            3.84915234173507,
            3.94287504978425,
            4.121553176296288,
            4.139281009155722
        ]
    },
    "maximum_likelihood": {
        "logl": -283948.66340948135,
        "point": [
            0.06312101258404043,
            -0.006931176007285891,
            0.0012740764793352788,
            -0.00021798940667623612,
            0.0002002901795027795
        ],
        "point_untransformed": [
            0.8156050629202022,
            0.46534411996357056,
            0.5063703823966764,
            0.49891005296661883,
            0.5010014508975139
        ]
    },
    "ncall": 21508,
    "paramnames": [
        "k1",
        "k2",
        "k3",
        "k4",
        "k5"
    ],
    "logzerr_single": 0.23757603036200214,
    "insertion_order_MWW_test": {
        "independent_iterations": Infinity,
        "converged": true
    }
}