,M,plusM,minusM,NF,logZ,logZerr
0,9.671382092123917,0.09264085730978877,0.09032532343361588,2,-139931.73231270455,0.14926007955796866
