{
    "niter": 6567,
    "logz": -70482.76187198589,
    "logzerr": 0.2665766231389654,
    "logz_bs": -70482.77079269296,
    "logz_single": -70482.76187198589,
    "logzerr_tail": 0.009926978425937705,
    "logzerr_bs": 0.26639172491559293,
    "ess": 1681.1352496142579,
    "H": 11.328453082256601,
    "Herr": 0.12731596453378996,
    "posterior": {
        "mean": [
            0.06368700817284503,
            -0.010826779547679828,
            0.002526066817250312
        ],
        "stdev": [
            0.0010623370338182817,
            0.0011222034861895365,
            0.0010990454693806863
        ],
        "median": [
            0.06370416950213745,
            -0.010823214983029822,
            0.002503173869455949
        ],
        "errlo": [
            0.06263885633140162,
            -0.011914059442339961,
            0.001433596203852347
        ],
        "errup": [
            0.06467982492514002,
            -0.009705650415732306,
            0.0036326270517509085
        ],
        "information_gain_bits": [
            3.8080814357813435,
            3.7142105643212404,
            3.811780489732342
        ]
    },
    "maximum_likelihood": {
        "logl": -70469.9488298266,
        "point": [
            0.0636270268656734,
            -0.010807651745188579,
            0.0025717679215077893
        ],
        "point_untransformed": [
            0.8181351343283669,
            0.44596174127405713,
            0.512858839607539
        ]
    },
    "ncall": 10807,
    "paramnames": [
        "k1",
        "k2",
        "k3"
    ],
    "logzerr_single": 0.16828883713913262,
    "insertion_order_MWW_test": {
        "independent_iterations": Infinity,
        "converged": true
    }
}