{
    "niter": 5799,
    "logz": -140992.07044967788,
    "logzerr": 0.1739013063198391,
    "logz_bs": -140992.0932219946,
    "logz_single": -140992.07044967788,
    "logzerr_tail": 0.009943920245859772,
    "logzerr_bs": 0.17361676989821717,
    "ess": 1570.3343458202314,
    "H": 8.316479786328273,
    "Herr": 0.1204532483577576,
    "posterior": {
        "mean": [
            0.0637461621654168,
            -0.010016946722844111
        ],
        "stdev": [
            0.0007744611832680013,
            0.0007952438940921248
        ],
        "median": [
            0.0637251196593413,
            -0.010030723612480072
        ],
        "errlo": [
            0.06296567945994029,
            -0.010804205279487306
        ],
        "errup": [
            0.06455467787474012,
            -0.009193403052110943
        ],
        "information_gain_bits": [
            3.819912120666268,
            3.9085819599440463
        ]
    },
    "maximum_likelihood": {
        "logl": -140982.72503227435,
        "point": [
            0.06376134933276531,
            -0.01001992381933739
        ],
        "point_untransformed": [
            0.8188067466638266,
            0.449900380903313
        ]
    },
    "ncall": 7495,
    "paramnames": [
        "k1",
        "k2"
    ],
    "logzerr_single": 0.14419153742789723,
    "insertion_order_MWW_test": {
        "independent_iterations": Infinity,
        "converged": true
    }
}