{
    "niter": 6737,
    "logz": -138560.84564015307,
    "logzerr": 0.3139039377805807,
    "logz_bs": -138560.810522196,
    "logz_single": -138560.84564015307,
    "logzerr_tail": 0.00993925123475492,
    "logzerr_bs": 0.313746543310117,
    "ess": 1582.286150894,
    "H": 12.545400330825942,
    "Herr": 0.12046830632506902,
    "posterior": {
        "mean": [
            0.07970964173272267,
            -0.018232423051976983,
            0.006861507196608184
        ],
        "stdev": [
            0.0007083151543117394,
            0.0007947848942374255,
            0.0007456905318425457
        ],
        "median": [
            0.07969121895407624,
            -0.018227370803898163,
            0.006888857113354546
        ],
        "errlo": [
            0.07900626528825053,
            -0.01903839714680626,
            0.006120805319456727
        ],
        "errup": [
            0.08041529257023913,
            -0.017439425459611135,
            0.007575553576867636
        ],
        "information_gain_bits": [
            3.8173636529377366,
            3.8180443430894218,
            3.8462133116038792
        ]
    },
    "maximum_likelihood": {
        "logl": -138546.84333976146,
        "point": [
            0.07971575990752786,
            -0.01822568479613819,
            0.006857894813223631
        ],
        "point_untransformed": [
            0.8985787995376393,
            0.40887157601930907,
            0.5342894740661182
        ]
    },
    "ncall": 11239,
    "paramnames": [
        "k1",
        "k2",
        "k3"
    ],
    "logzerr_single": 0.17709743314645995,
    "insertion_order_MWW_test": {
        "independent_iterations": Infinity,
        "converged": true
    }
}