{
    "niter": 5902,
    "logz": -278583.37215455866,
    "logzerr": 0.2989859377663087,
    "logz_bs": -278583.39722069737,
    "logz_single": -278583.37215455866,
    "logzerr_tail": 0.009944355813786387,
    "logzerr_bs": 0.29882051597815007,
    "ess": 1491.7016277682571,
    "H": 9.019924195832573,
    "Herr": 0.1349964098568044,
    "posterior": {
        "mean": [
            0.0791556912859768,
            -0.013232808253214422
        ],
        "stdev": [
            0.0005145485499762584,
            0.0005443874620364456
        ],
        "median": [
            0.07915102061548127,
            -0.013220722540976476
        ],
        "errlo": [
            0.07864822803262148,
            -0.013783648997212225
        ],
        "errup": [
            0.07968243805325942,
            -0.01269573367130826
        ],
        "information_gain_bits": [
            3.824481365875034,
            3.828926952151334
        ]
    },
    "maximum_likelihood": {
        "logl": -278573.36012954847,
        "point": [
            0.07916073557629474,
            -0.01321520346917554
        ],
        "point_untransformed": [
            0.8958036778814737,
            0.4339239826541223
        ]
    },
    "ncall": 7687,
    "paramnames": [
        "k1",
        "k2"
    ],
    "logzerr_single": 0.15016594317481388,
    "insertion_order_MWW_test": {
        "independent_iterations": Infinity,
        "converged": true
    }
}