,M,plusM,minusM,NF,logZ,logZerr
0,37.66577148706554,0.276280587376057,0.2886652523449129,2,-198085.10998379858,0.2170358501566334
