{
    "niter": 6507,
    "logz": -73231.31005086913,
    "logzerr": 0.4368972693002774,
    "logz_bs": -73231.26017532042,
    "logz_single": -73231.31005086913,
    "logzerr_tail": 0.009923228964908049,
    "logzerr_bs": 0.4367845618253341,
    "ess": 1504.876384656261,
    "H": 15.452357650123304,
    "Herr": 0.16104689702493583,
    "posterior": {
        "mean": [
            0.06365293279935307,
            -0.009555480381154006,
            0.0022311201764676322,
            -0.001193991220018114
        ],
        "stdev": [
            0.001032940160124418,
            0.0010806673788380568,
            0.0010942998131630267,
            0.0010725998202716683
        ],
        "median": [
            0.06367386120032834,
            -0.00954253331366546,
            0.002216602369357362,
            -0.0011927503310809606
        ],
        "errlo": [
            0.06264245786606831,
            -0.010631175027363509,
            0.0011507104815442482,
            -0.0022687239291185046
        ],
        "errup": [
            0.06468230207891965,
            -0.008473782382611067,
            0.0033384074827922322,
            -0.00014147776378486965
        ],
        "information_gain_bits": [
            3.8123522634811438,
            3.7601769290171676,
            3.7990937888737677,
            3.743354210834006
        ]
    },
    "maximum_likelihood": {
        "logl": -73213.90713531745,
        "point": [
            0.06357459059642553,
            -0.009564927985549171,
            0.0022660479594734245,
            -0.00115821124081103
        ],
        "point_untransformed": [
            0.8178729529821277,
            0.4521753600722541,
            0.5113302397973671,
            0.4942089437959449
        ]
    },
    "ncall": 13677,
    "paramnames": [
        "k1",
        "k2",
        "k3",
        "k4"
    ],
    "logzerr_single": 0.19654743479706943,
    "insertion_order_MWW_test": {
        "independent_iterations": Infinity,
        "converged": true
    }
}