{
    "niter": 6834,
    "logz": -172322.59262323074,
    "logzerr": 0.24130630312758247,
    "logz_bs": -172322.6100264417,
    "logz_single": -172322.59262323074,
    "logzerr_tail": 0.009930438303854316,
    "logzerr_bs": 0.2411018837010488,
    "ess": 1615.2755831643794,
    "H": 12.786622399726184,
    "Herr": 0.10914340949723764,
    "posterior": {
        "mean": [
            0.063610840468106,
            -0.008669213236630008,
            0.0025045281176274093
        ],
        "stdev": [
            0.000683845349514148,
            0.0007143762177003189,
            0.0007098077021934309
        ],
        "median": [
            0.0636094020778966,
            -0.008653156010984792,
            0.0025137131265723575
        ],
        "errlo": [
            0.06291245496995726,
            -0.009381419041817246,
            0.0017833309593082436
        ],
        "errup": [
            0.064296502964549,
            -0.007976358199446698,
            0.0032062012069786344
        ],
        "information_gain_bits": [
            3.8262929376538706,
            3.8603465430454618,
            3.8152933223202847
        ]
    },
    "maximum_likelihood": {
        "logl": -172308.3109353971,
        "point": [
            0.06361930555433129,
            -0.008687866831632973,
            0.0025035390638023236
        ],
        "point_untransformed": [
            0.8180965277716564,
            0.45656066584183513,
            0.5125176953190116
        ]
    },
    "ncall": 11154,
    "paramnames": [
        "k1",
        "k2",
        "k3"
    ],
    "logzerr_single": 0.17879193493923448,
    "insertion_order_MWW_test": {
        "independent_iterations": Infinity,
        "converged": true
    }
}