,M,plusM,minusM,NF,logZ,logZerr
0,14.503633823940294,0.25249340875205917,0.2582991907134584,5,-172397.5077004638,0.46194454628883574
