{
    "niter": 5949,
    "logz": -107742.93107965772,
    "logzerr": 0.35603541014656404,
    "logz_bs": -107742.98516769205,
    "logz_single": -107742.93107965772,
    "logzerr_tail": 0.009920729164150544,
    "logzerr_bs": 0.35589716550020967,
    "ess": 1268.8255275136833,
    "H": 19.695557381855906,
    "Herr": 0.2435872505576074,
    "posterior": {
        "mean": [
            0.06364768258984432,
            -0.007433065803931822,
            0.0018039652010847444,
            0.00038161875691713137,
            0.00021595026163510685
        ],
        "stdev": [
            0.0008832368972357468,
            0.0009257125126761073,
            0.00093537261749853,
            0.0009289384009890274,
            0.0009066096456940293
        ],
        "median": [
            0.06362693796514715,
            -0.007420637185409057,
            0.0017551769452576471,
            0.00037803121631889425,
            0.0002211494093446731
        ],
        "errlo": [
            0.06276187916978099,
            -0.00836231171006549,
            0.0008752956316128851,
            -0.0005727344461382291,
            -0.0006970213191315154
        ],
        "errup": [
            0.06454802215768227,
            -0.006476389879265992,
            0.002713190413575914,
            0.0012882544620318513,
            0.0010965659902447689
        ],
        "information_gain_bits": [
            3.8212833402727404,
            3.8169119562011193,
            3.8296928364250427,
            3.853839469367851,
            3.822742655863135
        ]
    },
    "maximum_likelihood": {
        "logl": -107720.70304598728,
        "point": [
            0.06374641102772846,
            -0.007310605203065174,
            0.0019317327720563826,
            0.00022413160399510634,
            0.0001531241747798895
        ],
        "point_untransformed": [
            0.8187320551386423,
            0.4634469739846741,
            0.5096586638602819,
            0.5011206580199755,
            0.5007656208738994
        ]
    },
    "ncall": 17526,
    "paramnames": [
        "k1",
        "k2",
        "k3",
        "k4",
        "k5"
    ],
    "logzerr_single": 0.22189838542594167,
    "insertion_order_MWW_test": {
        "independent_iterations": Infinity,
        "converged": true
    }
}