{
    "niter": 5988,
    "logz": -275975.89431044384,
    "logzerr": 0.2413431582882092,
    "logz_bs": -275975.9097736941,
    "logz_single": -275975.89431044384,
    "logzerr_tail": 0.009943037643097341,
    "logzerr_bs": 0.24113825091626495,
    "ess": 1535.8383302348436,
    "H": 9.226803342811763,
    "Herr": 0.12156605156530981,
    "posterior": {
        "mean": [
            0.06276137045372868,
            -0.007575634327544089
        ],
        "stdev": [
            0.0005570161947713005,
            0.0005744884064274162
        ],
        "median": [
            0.06277305085116396,
            -0.007582508736253921
        ],
        "errlo": [
            0.062183975959581334,
            -0.00814364721231986
        ],
        "errup": [
            0.06334228492404345,
            -0.007001541138948825
        ],
        "information_gain_bits": [
            3.9336563819345995,
            3.8159231134153595
        ]
    },
    "maximum_likelihood": {
        "logl": -275965.6131152621,
        "point": [
            0.06277191307450203,
            -0.007541007098059382
        ],
        "point_untransformed": [
            0.8138595653725101,
            0.4622949645097031
        ]
    },
    "ncall": 7787,
    "paramnames": [
        "k1",
        "k2"
    ],
    "logzerr_single": 0.15187826821843015,
    "insertion_order_MWW_test": {
        "independent_iterations": Infinity,
        "converged": true
    }
}