,M,plusM,minusM,NF,logZ,logZerr
0,14.511698919299802,0.20553558619215018,0.19371292555824304,3,-172387.93283941998,0.21429364278962634
