,M,plusM,minusM,NF,logZ,logZerr
0,14.955119389298366,0.1448727182812437,0.14717678336994844,2,-105900.60535680337,0.1791476751831752
