{
    "niter": 7342,
    "logz": -198020.9262409251,
    "logzerr": 0.1918856966561154,
    "logz_bs": -198020.9696657062,
    "logz_single": -198020.9262409251,
    "logzerr_tail": 0.009943740267772228,
    "logzerr_bs": 0.1916278753487859,
    "ess": 1541.4502040626687,
    "H": 17.400919919396983,
    "Herr": 0.12479179768919575,
    "posterior": {
        "mean": [
            0.07922195199159471,
            -0.013724715745814638,
            0.0038228552708344985,
            -0.0014024513419567124
        ],
        "stdev": [
            0.0005959975818955568,
            0.0006950293114115224,
            0.0006650168953576043,
            0.0006560655269613846
        ],
        "median": [
            0.07920385557111752,
            -0.013745234941188997,
            0.0038398455000420856,
            -0.0013808191893577432
        ],
        "errlo": [
            0.078651489208412,
            -0.014397408209122359,
            0.0031589511652639173,
            -0.0020785966257321903
        ],
        "errup": [
            0.07982127446693302,
            -0.013009741509573847,
            0.004507411987618351,
            -0.0007488212098328562
        ],
        "information_gain_bits": [
            3.819614729554525,
            3.852043166013619,
            3.8914265320744037,
            3.883876181698331
        ]
    },
    "maximum_likelihood": {
        "logl": -198001.5152293519,
        "point": [
            0.07926938365047895,
            -0.013719551331496813,
            0.0038081066318631507,
            -0.0014184788075875254
        ],
        "point_untransformed": [
            0.8963469182523947,
            0.4314022433425159,
            0.5190405331593158,
            0.4929076059620624
        ]
    },
    "ncall": 15183,
    "paramnames": [
        "k1",
        "k2",
        "k3",
        "k4"
    ],
    "logzerr_single": 0.2085720494181626,
    "insertion_order_MWW_test": {
        "independent_iterations": Infinity,
        "converged": true
    }
}