{
    "niter": 5308,
    "logz": -73225.5861891735,
    "logzerr": 0.24477637646459544,
    "logz_bs": -73225.62587309959,
    "logz_single": -73225.5861891735,
    "logzerr_tail": 0.009930526837706566,
    "logzerr_bs": 0.2445748538011685,
    "ess": 1457.6595955384105,
    "H": 7.482370686484501,
    "Herr": 0.10616699446624292,
    "posterior": {
        "mean": [
            0.06378737836753201,
            -0.010116758874254053
        ],
        "stdev": [
            0.001047327665187001,
            0.0010420097291734634
        ],
        "median": [
            0.06382253952410492,
            -0.010126848546189338
        ],
        "errlo": [
            0.0627333988214537,
            -0.011210260467042515
        ],
        "errup": [
            0.06485471966558634,
            -0.009052352828947894
        ],
        "information_gain_bits": [
            3.8134353759770203,
            3.7310830479836095
        ]
    },
    "maximum_likelihood": {
        "logl": -73217.14755709484,
        "point": [
            0.06376053776110438,
            -0.010161305103088242
        ],
        "point_untransformed": [
            0.8188026888055219,
            0.4491934744845588
        ]
    },
    "ncall": 6970,
    "paramnames": [
        "k1",
        "k2"
    ],
    "logzerr_single": 0.136769611815678,
    "insertion_order_MWW_test": {
        "independent_iterations": Infinity,
        "converged": true
    }
}