,M,plusM,minusM,NF,logZ,logZerr
0,10.773550873847938,0.16955024208873404,0.16345278485184167,2,-107731.83549492346,0.20185006047112095
