,M,plusM,minusM,NF,logZ,logZerr
0,38.76917978215529,0.36937429973660585,0.35771312201666916,3,-198070.70244637763,0.3199517627504666
