,M,plusM,minusM,NF,logZ,logZerr
0,14.65525939443231,0.16970937070504455,0.1715348403156547,2,-172324.15616234884,0.2822574558099426
