{
    "niter": 5582,
    "logz": -69341.10010638168,
    "logzerr": 0.20370192070226936,
    "logz_bs": -69341.09043573213,
    "logz_single": -69341.10010638168,
    "logzerr_tail": 0.00993492262205109,
    "logzerr_bs": 0.20345950410410296,
    "ess": 1505.1871016020323,
    "H": 7.916792303498369,
    "Herr": 0.10335289266382351,
    "posterior": {
        "mean": [
            0.07992768855089048,
            -0.018980063428610135
        ],
        "stdev": [
            0.0010123440458460317,
            0.0010760118689019267
        ],
        "median": [
            0.0799600955907259,
            -0.019007365889428543
        ],
        "errlo": [
            0.07890533179670753,
            -0.020071161368148863
        ],
        "errup": [
            0.08091391055338776,
            -0.01786851776411033
        ],
        "information_gain_bits": [
            3.815617118201149,
            3.7999727664810616
        ]
    },
    "maximum_likelihood": {
        "logl": -69332.20293986207,
        "point": [
            0.07996714008619318,
            -0.018953732549058716
        ],
        "point_untransformed": [
            0.8998357004309658,
            0.4052313372547064
        ]
    },
    "ncall": 7293,
    "paramnames": [
        "k1",
        "k2"
    ],
    "logzerr_single": 0.14068397477589947,
    "insertion_order_MWW_test": {
        "independent_iterations": Infinity,
        "converged": true
    }
}