,M,plusM,minusM,NF,logZ,logZerr
0,14.564313444715712,0.18532695095368013,0.18776751590482377,2,-141033.6111980607,0.2785368130758172
