,M,plusM,minusM,NF,logZ,logZerr
0,19.760944536356693,0.21422378252718843,0.1909915423147126,4,-172540.4656351773,0.23278576933217388
