{
    "niter": 5589,
    "logz": -105697.69535015164,
    "logzerr": 0.5736896374973348,
    "logz_bs": -105697.67310348056,
    "logz_single": -105697.69535015164,
    "logzerr_tail": 0.009919016563799232,
    "logzerr_bs": 0.5736038818577072,
    "ess": 1197.8406239132846,
    "H": 19.569524998863926,
    "Herr": 0.23772094312907716,
    "posterior": {
        "mean": [
            0.06365230126778322,
            -0.008363013602279938,
            0.0015714761965466518,
            -0.0009048351696909182,
            -0.0001870959233851548
        ],
        "stdev": [
            0.0008973562876306145,
            0.0008879852304871246,
            0.0009427184312395269,
            0.0009225383487362754,
            0.0009221362274475851
        ],
        "median": [
            0.06368518476834284,
            -0.008368066112939193,
            0.0015575510599101366,
            -0.0009174660734419526,
            -0.00016909007372631346
        ],
        "errlo": [
            0.06273376298123123,
            -0.009215236835426396,
            0.000623605640872299,
            -0.001824102369192615,
            -0.0011213661150189513
        ],
        "errup": [
            0.06454152563094831,
            -0.0075377089835239885,
            0.002476656017547582,
            1.0045662560257853e-05,
            0.0007628943901842877
        ],
        "information_gain_bits": [
            3.8206573631388183,
            3.8285720797056224,
            3.8425154520827784,
            3.841816764293766,
            3.883957096522511
        ]
    },
    "maximum_likelihood": {
        "logl": -105675.63542873823,
        "point": [
            0.06374962184023014,
            -0.00841962727434084,
            0.001659935918707875,
            -0.0009213816845870249,
            -0.0003319567025278497
        ],
        "point_untransformed": [
            0.8187481092011507,
            0.4579018636282958,
            0.5082996795935394,
            0.49539309157706485,
            0.49834021648736077
        ]
    },
    "ncall": 16587,
    "paramnames": [
        "k1",
        "k2",
        "k3",
        "k4",
        "k5"
    ],
    "logzerr_single": 0.22118727923901912,
    "insertion_order_MWW_test": {
        "independent_iterations": Infinity,
        "converged": true
    }
}