,M,plusM,minusM,NF,logZ,logZerr
0,15.067046326866787,0.19478633132503376,0.1934342669153839,4,-106021.01414353575,0.3255195805669265
