{
    "niter": 5636,
    "logz": -106039.63709074065,
    "logzerr": 0.1991439435106235,
    "logz_bs": -106039.62872355402,
    "logz_single": -106039.63709074065,
    "logzerr_tail": 0.009948879785952158,
    "logzerr_bs": 0.1988952740211971,
    "ess": 1500.792629105467,
    "H": 8.164287659470574,
    "Herr": 0.10185030158028707,
    "posterior": {
        "mean": [
            0.07978657751337193,
            -0.015510270307910379
        ],
        "stdev": [
            0.000812073560927428,
            0.0008607643134592933
        ],
        "median": [
            0.07979097212376104,
            -0.015499200145327824
        ],
        "errlo": [
            0.07897058199250193,
            -0.016414339179804643
        ],
        "errup": [
            0.08062820574282836,
            -0.014656503872514104
        ],
        "information_gain_bits": [
            3.8189833629200525,
            3.8463244078913
        ]
    },
    "maximum_likelihood": {
        "logl": -106030.52295709918,
        "point": [
            0.07979892782965281,
            -0.015510344312852184
        ],
        "point_untransformed": [
            0.898994639148264,
            0.42244827843573907
        ]
    },
    "ncall": 7328,
    "paramnames": [
        "k1",
        "k2"
    ],
    "logzerr_single": 0.14286608816887386,
    "insertion_order_MWW_test": {
        "independent_iterations": Infinity,
        "converged": true
    }
}