{
    "niter": 6979,
    "logz": -103887.2410891781,
    "logzerr": 0.41891547607411833,
    "logz_bs": -103887.16371013512,
    "logz_single": -103887.2410891781,
    "logzerr_tail": 0.009933868568623438,
    "logzerr_bs": 0.4187976771063404,
    "ess": 1564.4145436795222,
    "H": 16.145104076553253,
    "Herr": 0.13333441452298814,
    "posterior": {
        "mean": [
            0.07963599739133499,
            -0.018778444760321603,
            0.00613768042833828,
            -0.0029781281822502995
        ],
        "stdev": [
            0.0008231407074897239,
            0.0009244782323720541,
            0.0009437392300927944,
            0.0008816454542551231
        ],
        "median": [
            0.07963733944436363,
            -0.01875901997189358,
            0.006136997301092628,
            -0.0030092745709855567
        ],
        "errlo": [
            0.07882389133881498,
            -0.01970802185367674,
            0.005171670614492127,
            -0.00387328674135122
        ],
        "errup": [
            0.08045563796065924,
            -0.017857186317125448,
            0.007098983926416655,
            -0.0021116547378850076
        ],
        "information_gain_bits": [
            3.8159912243479646,
            3.8321903671209325,
            3.8275431421354758,
            3.8209460968630267
        ]
    },
    "maximum_likelihood": {
        "logl": -103869.07556368878,
        "point": [
            0.07959390637689642,
            -0.01886348919272178,
            0.006223944544614904,
            -0.0028733329919170686
        ],
        "point_untransformed": [
            0.897969531884482,
            0.4056825540363911,
            0.5311197227230745,
            0.48563333504041467
        ]
    },
    "ncall": 15298,
    "paramnames": [
        "k1",
        "k2",
        "k3",
        "k4"
    ],
    "logzerr_single": 0.2009048535784617,
    "insertion_order_MWW_test": {
        "independent_iterations": Infinity,
        "converged": true
    }
}