,M,plusM,minusM,NF,logZ,logZerr
0,7.430221056584594,0.1290635108638991,0.12860019486923413,2,-73225.5861891735,0.24477637646459544
