{
    "niter": 5698,
    "logz": -142240.42515695203,
    "logzerr": 0.3081414980490416,
    "logz_bs": -142240.4274136619,
    "logz_single": -142240.42515695203,
    "logzerr_tail": 0.009944195306161419,
    "logzerr_bs": 0.3079809990886133,
    "ess": 1549.7609690943286,
    "H": 8.312081515206955,
    "Herr": 0.10005912092033134,
    "posterior": {
        "mean": [
            0.06370265278060584,
            -0.009621290743390165
        ],
        "stdev": [
            0.0007782203941468625,
            0.0007883887006597711
        ],
        "median": [
            0.0637030427358504,
            -0.0096255085443651
        ],
        "errlo": [
            0.06292081497476196,
            -0.010398076095140166
        ],
        "errup": [
            0.06450687066986988,
            -0.00888292075122614
        ],
        "information_gain_bits": [
            3.820622749264023,
            3.908767429770106
        ]
    },
    "maximum_likelihood": {
        "logl": -142231.0710739245,
        "point": [
            0.06371585383055994,
            -0.009639441568024681
        ],
        "point_untransformed": [
            0.8185792691527997,
            0.4518027921598766
        ]
    },
    "ncall": 7296,
    "paramnames": [
        "k1",
        "k2"
    ],
    "logzerr_single": 0.14415340366435123,
    "insertion_order_MWW_test": {
        "independent_iterations": Infinity,
        "converged": true
    }
}