,M,plusM,minusM,NF,logZ,logZerr
0,10.590095845942132,0.1381177389696635,0.1365465447039611,3,-70535.48269688681,0.406696417470631
