{
    "niter": 7198,
    "logz": -106021.01414353575,
    "logzerr": 0.3255195805669265,
    "logz_bs": -106020.98962614071,
    "logz_single": -106021.01414353575,
    "logzerr_tail": 0.009932828936143778,
    "logzerr_bs": 0.32536800125672016,
    "ess": 1617.8234974862478,
    "H": 15.935667575875414,
    "Herr": 0.14290770473433198,
    "posterior": {
        "mean": [
            0.07959951863288725,
            -0.01411668347911244,
            0.00481059934263798,
            -0.0013878589478483296
        ],
        "stdev": [
            0.0008497974046098,
            0.0009210011198496889,
            0.0009150848018818354,
            0.0008893464002677935
        ],
        "median": [
            0.07962219772307821,
            -0.014117703829776548,
            0.004801086332370225,
            -0.0013795674182673634
        ],
        "errlo": [
            0.07872253481103453,
            -0.01504082012232763,
            0.0038992880528520013,
            -0.0022808240198394086
        ],
        "errup": [
            0.08041517503255646,
            -0.013198981812000563,
            0.005742916054990041,
            -0.0004911363212407871
        ],
        "information_gain_bits": [
            3.815850980167051,
            3.8418938462199974,
            3.808431497352026,
            3.8533769012206296
        ]
    },
    "maximum_likelihood": {
        "logl": -106003.03936868996,
        "point": [
            0.0795492894369422,
            -0.014162855464092322,
            0.004789786866514462,
            -0.0014476831262712209
        ],
        "point_untransformed": [
            0.897746447184711,
            0.42918572267953836,
            0.5239489343325723,
            0.49276158436864387
        ]
    },
    "ncall": 15203,
    "paramnames": [
        "k1",
        "k2",
        "k3",
        "k4"
    ],
    "logzerr_single": 0.1995975173685498,
    "insertion_order_MWW_test": {
        "independent_iterations": Infinity,
        "converged": true
    }
}