{
    "niter": 6709,
    "logz": -138558.90411396418,
    "logzerr": 0.49186525443911494,
    "logz_bs": -138558.9205291548,
    "logz_single": -138558.90411396418,
    "logzerr_tail": 0.009940731950337067,
    "logzerr_bs": 0.49176479171728715,
    "ess": 1346.530551008523,
    "H": 20.923269136284944,
    "Herr": 0.2484540251270564,
    "posterior": {
        "mean": [
            0.07965485655264434,
            -0.017998604141667044,
            0.0057613108912753916,
            -0.002747832479335667,
            0.001665320218796889
        ],
        "stdev": [
            0.0007076011084765919,
            0.0007644251495694304,
            0.0007842518609593264,
            0.0007861338853673412,
            0.0007513286587039335
        ],
        "median": [
            0.07966351353071574,
            -0.01798428949874406,
            0.005749995087617754,
            -0.0027691576760551367,
            0.0016550129647345535
        ],
        "errlo": [
            0.07891015277853869,
            -0.018779442308645988,
            0.0050000612537280525,
            -0.0035402083177080435,
            0.0009674737344696621
        ],
        "errup": [
            0.08035731976799487,
            -0.01724907229402664,
            0.006514848345424221,
            -0.0019869224109160394,
            0.002417008195693654
        ],
        "information_gain_bits": [
            3.816830552745702,
            3.8152293659404695,
            3.9163977800589147,
            3.8165164522698896,
            3.847192991105224
        ]
    },
    "maximum_likelihood": {
        "logl": -138535.63437828847,
        "point": [
            0.07967525314819232,
            -0.018028714999307485,
            0.005804557499305224,
            -0.0025739199823669318,
            0.0018467476124176124
        ],
        "point_untransformed": [
            0.8983762657409615,
            0.4098564250034626,
            0.5290227874965261,
            0.4871304000881653,
            0.509233738062088
        ]
    },
    "ncall": 19688,
    "paramnames": [
        "k1",
        "k2",
        "k3",
        "k4",
        "k5"
    ],
    "logzerr_single": 0.22870980049117345,
    "insertion_order_MWW_test": {
        "independent_iterations": Infinity,
        "converged": true
    }
}