{
    "niter": 6556,
    "logz": -278570.0191133515,
    "logzerr": 0.5796619860555351,
    "logz_bs": -278570.0231954109,
    "logz_single": -278570.0191133515,
    "logzerr_tail": 0.009931220032740384,
    "logzerr_bs": 0.5795769051183015,
    "ess": 1258.1012815526237,
    "H": 22.025225357851014,
    "Herr": 0.2989685565052864,
    "posterior": {
        "mean": [
            0.0790013181500715,
            -0.01209208528797761,
            0.0034617716578608576,
            -0.001037353221085965,
            0.0006169911461083291
        ],
        "stdev": [
            0.000513306581941513,
            0.0005521134640568821,
            0.0005533387215370324,
            0.0005610665316858553,
            0.0005173312852555586
        ],
        "median": [
            0.07900762298988315,
            -0.012089944014563592,
            0.0034679392741905762,
            -0.0010292966549728944,
            0.0006213086320262795
        ],
        "errlo": [
            0.07850053459029532,
            -0.012644732976078737,
            0.0028934663038504118,
            -0.0015980303953919694,
            8.151368073321119e-05
        ],
        "errup": [
            0.07950487748575172,
            -0.011535289102650378,
            0.004016026261983163,
            -0.0005073974973746049,
            0.001145844865229456
        ],
        "information_gain_bits": [
            3.8359544511169457,
            3.8543269814299586,
            3.875810106997578,
            3.9739975354939006,
            4.060853360310339
        ]
    },
    "maximum_likelihood": {
        "logl": -278545.6078661912,
        "point": [
            0.07906540266069759,
            -0.012086789919203325,
            0.003492565501218056,
            -0.0010148014155964141,
            0.0005556377441266191
        ],
        "point_untransformed": [
            0.895327013303488,
            0.4395660504039834,
            0.5174628275060903,
            0.49492599292201794,
            0.5027781887206331
        ]
    },
    "ncall": 19971,
    "paramnames": [
        "k1",
        "k2",
        "k3",
        "k4",
        "k5"
    ],
    "logzerr_single": 0.23465520108156038,
    "insertion_order_MWW_test": {
        "independent_iterations": Infinity,
        "converged": true
    }
}