,M,plusM,minusM,NF,logZ,logZerr
0,15.404129934093003,0.12732724898891057,0.1296168390062018,4,-211910.75356553105,0.39640005372650383
