{
    "niter": 6898,
    "logz": -141334.39807249242,
    "logzerr": 0.26510032592067284,
    "logz_bs": -141334.36961306067,
    "logz_single": -141334.39807249242,
    "logzerr_tail": 0.009935510024661198,
    "logzerr_bs": 0.26491407747380435,
    "ess": 1673.6963580945571,
    "H": 12.543112735525938,
    "Herr": 0.1169723606125818,
    "posterior": {
        "mean": [
            0.06358150063114697,
            -0.008028455327231336,
            0.0018377610322698316
        ],
        "stdev": [
            0.0007623538657406664,
            0.0008057782120416552,
            0.0008041469308100411
        ],
        "median": [
            0.06358656364910262,
            -0.008033753348436451,
            0.0018265220995408865
        ],
        "errlo": [
            0.06283380061556332,
            -0.00884285166290058,
            0.0010351726581393078
        ],
        "errup": [
            0.06432639055966058,
            -0.007218404229516908,
            0.0026603769408174716
        ],
        "information_gain_bits": [
            3.825651356701804,
            3.8189699291769963,
            3.832868310276733
        ]
    },
    "maximum_likelihood": {
        "logl": -141320.3267756902,
        "point": [
            0.06356088189385387,
            -0.007977269549275925,
            0.0018605640564742787
        ],
        "point_untransformed": [
            0.8178044094692694,
            0.4601136522536204,
            0.5093028202823714
        ]
    },
    "ncall": 11223,
    "paramnames": [
        "k1",
        "k2",
        "k3"
    ],
    "logzerr_single": 0.17708128596442607,
    "insertion_order_MWW_test": {
        "independent_iterations": Infinity,
        "converged": true
    }
}