{
    "niter": 5897,
    "logz": -198035.36512454142,
    "logzerr": 0.4094812690222015,
    "logz_bs": -198035.3134023566,
    "logz_single": -198035.36512454142,
    "logzerr_tail": 0.009930707077728584,
    "logzerr_bs": 0.4093608319526538,
    "ess": 1477.20009572675,
    "H": 8.89385744795436,
    "Herr": 0.11336346885807576,
    "posterior": {
        "mean": [
            0.07942064047575186,
            -0.014958789161314493
        ],
        "stdev": [
            0.0006055984747116323,
            0.0006184487911033545
        ],
        "median": [
            0.07943367936271462,
            -0.01495568293981013
        ],
        "errlo": [
            0.07880858512776337,
            -0.015570646710471453
        ],
        "errup": [
            0.08002670134866657,
            -0.014356759191982331
        ],
        "information_gain_bits": [
            3.8154345239890555,
            4.041727176977293
        ]
    },
    "maximum_likelihood": {
        "logl": -198025.53097990065,
        "point": [
            0.07941201771469703,
            -0.014971633744453983
        ],
        "point_untransformed": [
            0.8970600885734851,
            0.4251418312777301
        ]
    },
    "ncall": 7671,
    "paramnames": [
        "k1",
        "k2"
    ],
    "logzerr_single": 0.1491128553139732,
    "insertion_order_MWW_test": {
        "independent_iterations": Infinity,
        "converged": true
    }
}