{
    "niter": 5537,
    "logz": -70551.76622005149,
    "logzerr": 0.2207473238566508,
    "logz_bs": -70551.73093458152,
    "logz_single": -70551.76622005149,
    "logzerr_tail": 0.00993650838790927,
    "logzerr_bs": 0.22052357422944624,
    "ess": 1529.3367461984851,
    "H": 7.753189369759639,
    "Herr": 0.09298192414694834,
    "posterior": {
        "mean": [
            0.08009601527378467,
            -0.020895752940638578
        ],
        "stdev": [
            0.0009999305964861944,
            0.0010816149097203245
        ],
        "median": [
            0.08007650072883074,
            -0.020879321277573387
        ],
        "errlo": [
            0.07910024520966433,
            -0.021980999876742797
        ],
        "errup": [
            0.08109623225580151,
            -0.01983033083715212
        ],
        "information_gain_bits": [
            3.8186501630385106,
            3.7387280696758807
        ]
    },
    "maximum_likelihood": {
        "logl": -70543.02411227106,
        "point": [
            0.08012121114219214,
            -0.020878064331087895
        ],
        "point_untransformed": [
            0.9006060557109606,
            0.3956096783445605
        ]
    },
    "ncall": 7210,
    "paramnames": [
        "k1",
        "k2"
    ],
    "logzerr_single": 0.13922274751059577,
    "insertion_order_MWW_test": {
        "independent_iterations": Infinity,
        "converged": true
    }
}