,M,plusM,minusM,NF,logZ,logZerr
0,15.385209746597099,0.29861301136006446,0.26666613254106863,5,-141000.26352506608,0.4049650284820744
