{
    "niter": 5718,
    "logz": -142177.82073804268,
    "logzerr": 0.22367005443061955,
    "logz_bs": -142177.78038718013,
    "logz_single": -142177.82073804268,
    "logzerr_tail": 0.009949706494808197,
    "logzerr_bs": 0.22344864418846555,
    "ess": 1532.5266495686108,
    "H": 8.304659158573486,
    "Herr": 0.08537987029527923,
    "posterior": {
        "mean": [
            0.0637076163806512,
            -0.008760897521390643
        ],
        "stdev": [
            0.0007370126501603852,
            0.0007922114030646762
        ],
        "median": [
            0.0636935202871043,
            -0.008770137801131797
        ],
        "errlo": [
            0.06298420346812075,
            -0.009546203680749654
        ],
        "errup": [
            0.06444088325876174,
            -0.00795715117254419
        ],
        "information_gain_bits": [
            3.822260058443626,
            3.8553571148051478
        ]
    },
    "maximum_likelihood": {
        "logl": -142168.53138160886,
        "point": [
            0.06369719048844091,
            -0.00876541067155473
        ],
        "point_untransformed": [
            0.8184859524422046,
            0.45617294664222635
        ]
    },
    "ncall": 7339,
    "paramnames": [
        "k1",
        "k2"
    ],
    "logzerr_single": 0.1440890276753706,
    "insertion_order_MWW_test": {
        "independent_iterations": Infinity,
        "converged": true
    }
}