,M,plusM,minusM,NF,logZ,logZerr
0,14.85179577342366,0.16807808241768818,0.15754976803919618,3,-106028.91152467893,0.21785352193337443
