{
    "niter": 5963,
    "logz": -103890.97052139617,
    "logzerr": 0.5043113403810153,
    "logz_bs": -103890.99515513655,
    "logz_single": -103890.97052139617,
    "logzerr_tail": 0.009938195478753187,
    "logzerr_bs": 0.5042134075047215,
    "ess": 1272.8748771153175,
    "H": 20.13343206020363,
    "Herr": 0.20396026926995325,
    "posterior": {
        "mean": [
            0.07962512137569354,
            -0.01876301039989937,
            0.006062365688622595,
            -0.002612116855323898,
            0.0011522893819208638
        ],
        "stdev": [
            0.0008563262130655948,
            0.0009321216818856395,
            0.0009757997172462475,
            0.0009454433400647735,
            0.0008923383066604087
        ],
        "median": [
            0.07962530685539382,
            -0.018777012834731793,
            0.006073073459785916,
            -0.0026394502875462245,
            0.001121574380442955
        ],
        "errlo": [
            0.07877660424820018,
            -0.019736663642655902,
            0.005096096828629881,
            -0.0035619000280397717,
            0.00032594653723898304
        ],
        "errup": [
            0.08048993452533412,
            -0.0177764097127647,
            0.00704214327394341,
            -0.0016821052455007063,
            0.0020556129117910854
        ],
        "information_gain_bits": [
            3.8156541465763176,
            3.8308319382686933,
            3.85462917575471,
            3.815017299374658,
            3.8303960836991187
        ]
    },
    "maximum_likelihood": {
        "logl": -103868.25408525659,
        "point": [
            0.07959487379751462,
            -0.018583334871162233,
            0.006158183350166463,
            -0.0026545458718466863,
            0.0011935918958252134
        ],
        "point_untransformed": [
            0.8979743689875731,
            0.4070833256441888,
            0.5307909167508323,
            0.4867272706407666,
            0.5059679594791261
        ]
    },
    "ncall": 18470,
    "paramnames": [
        "k1",
        "k2",
        "k3",
        "k4",
        "k5"
    ],
    "logzerr_single": 0.2243514656749741,
    "insertion_order_MWW_test": {
        "independent_iterations": Infinity,
        "converged": true
    }
}