{
    "niter": 6776,
    "logz": -105877.37163192975,
    "logzerr": 0.3863004226145004,
    "logz_bs": -105877.37044679666,
    "logz_single": -105877.37163192975,
    "logzerr_tail": 0.009924501006025821,
    "logzerr_bs": 0.38617291566333733,
    "ess": 1672.2857665288498,
    "H": 12.385268393336446,
    "Herr": 0.15334899634455343,
    "posterior": {
        "mean": [
            0.07970106323191094,
            -0.01718523877469786,
            0.00661877842940605
        ],
        "stdev": [
            0.0008378230723886616,
            0.0009475090717565813,
            0.000891652686507325
        ],
        "median": [
            0.0797065281266304,
            -0.017172253002498014,
            0.006602683673399945
        ],
        "errlo": [
            0.07886489710703556,
            -0.018136335754399338,
            0.005720301230851432
        ],
        "errup": [
            0.08054983996530504,
            -0.016225072375879,
            0.007517794561398006
        ],
        "information_gain_bits": [
            3.8168347794273125,
            3.827776350288285,
            3.846017126140841
        ]
    },
    "maximum_likelihood": {
        "logl": -105863.42637073675,
        "point": [
            0.07965441853102659,
            -0.01720869848422374,
            0.006615598717005497
        ],
        "point_untransformed": [
            0.8982720926551329,
            0.4139565075788813,
            0.5330779935850275
        ]
    },
    "ncall": 11521,
    "paramnames": [
        "k1",
        "k2",
        "k3"
    ],
    "logzerr_single": 0.17596355015553963,
    "insertion_order_MWW_test": {
        "independent_iterations": Infinity,
        "converged": true
    }
}