{
    "niter": 6912,
    "logz": -142183.63836880942,
    "logzerr": 0.43256215726165154,
    "logz_bs": -142183.60547862816,
    "logz_single": -142183.63836880942,
    "logzerr_tail": 0.009950924722943455,
    "logzerr_bs": 0.43244768353179097,
    "ess": 1540.4083059113304,
    "H": 16.43187360317097,
    "Herr": 0.16184900134812064,
    "posterior": {
        "mean": [
            0.06363115092979234,
            -0.008312886722709183,
            0.001903686754905447,
            -0.00041158979727386706
        ],
        "stdev": [
            0.0007878493743662158,
            0.0008124167030238613,
            0.0007950856236217615,
            0.0007858635115307759
        ],
        "median": [
            0.06365276779791229,
            -0.008322582797390177,
            0.00189493619317916,
            -0.0004166542882284019
        ],
        "errlo": [
            0.06282092730674366,
            -0.00909237426224288,
            0.001123940526173635,
            -0.0012295803994290533
        ],
        "errup": [
            0.064416895092578,
            -0.007485586065786143,
            0.0027281215609060716,
            0.000378077975181329
        ],
        "information_gain_bits": [
            3.8219656796158845,
            3.828990355737363,
            3.8296218282363683,
            3.9113581146177867
        ]
    },
    "maximum_likelihood": {
        "logl": -142165.13720110356,
        "point": [
            0.06363398831293557,
            -0.008419535010891571,
            0.001859762194468928,
            -0.00040319510906161593
        ],
        "point_untransformed": [
            0.8181699415646778,
            0.45790232494554217,
            0.5092988109723446,
            0.4979840244546919
        ]
    },
    "ncall": 14935,
    "paramnames": [
        "k1",
        "k2",
        "k3",
        "k4"
    ],
    "logzerr_single": 0.20268123743436992,
    "insertion_order_MWW_test": {
        "independent_iterations": Infinity,
        "converged": true
    }
}