{
    "niter": 7034,
    "logz": -138556.87114760693,
    "logzerr": 0.3073221658134364,
    "logz_bs": -138556.90421455845,
    "logz_single": -138556.87114760693,
    "logzerr_tail": 0.009940616437233984,
    "logzerr_bs": 0.3071613545762375,
    "ess": 1506.4843707739099,
    "H": 16.975500694446964,
    "Herr": 0.1272922006140281,
    "posterior": {
        "mean": [
            0.07965689067840469,
            -0.018023536846058397,
            0.005898399623654628,
            -0.003265164353240925
        ],
        "stdev": [
            0.0007267067809933797,
            0.0007933519926104279,
            0.000806650032713257,
            0.0007257318860561402
        ],
        "median": [
            0.07965425804659032,
            -0.018021284227274198,
            0.005882931611177741,
            -0.003270043740535772
        ],
        "errlo": [
            0.07892862039604755,
            -0.01882286032325607,
            0.00506761301181588,
            -0.00398176131724462
        ],
        "errup": [
            0.08037517317661477,
            -0.017240056392863537,
            0.0067171320779863325,
            -0.0025676552453544493
        ],
        "information_gain_bits": [
            3.8164345634955446,
            3.815362936322813,
            3.913182623302403,
            3.837895029556011
        ]
    },
    "maximum_likelihood": {
        "logl": -138537.945102192,
        "point": [
            0.07973791533238159,
            -0.018030770326010054,
            0.005849764125981857,
            -0.003196737515982123
        ],
        "point_untransformed": [
            0.898689576661908,
            0.4098461483699497,
            0.5292488206299093,
            0.4840163124200894
        ]
    },
    "ncall": 15065,
    "paramnames": [
        "k1",
        "k2",
        "k3",
        "k4"
    ],
    "logzerr_single": 0.20600667886288884,
    "insertion_order_MWW_test": {
        "independent_iterations": Infinity,
        "converged": true
    }
}