,M,plusM,minusM,NF,logZ,logZerr
0,14.413415459712038,0.14434636145962543,0.14865461577823957,2,-106031.05235692394,0.28877474543700477
