,M,plusM,minusM,NF,logZ,logZerr
0,10.670231038132343,0.15418786866376877,0.14149832756770486,4,-70539.18173464519,0.2629226760579971
