,M,plusM,minusM,NF,logZ,logZerr
0,11.821007644873832,0.2104009982409618,0.2171030225834638,4,-105715.5294693859,0.2761043584904804
