,M,plusM,minusM,NF,logZ,logZerr
0,11.050982194699104,0.16563200647013687,0.15253422153649865,2,-107696.67755063258,0.31533545183570955
