,M,plusM,minusM,NF,logZ,logZerr
0,7.622546986836026,0.1504638468392585,0.16449983429978232,3,-73227.6821674356,0.24124002136808967
