,M,plusM,minusM,NF,logZ,logZerr
0,7.672585859342208,0.11225947813408155,0.10947279835720458,3,-146438.49789027302,0.36482682023589175
