,M,plusM,minusM,NF,logZ,logZerr
0,7.607019176643478,0.15339102954565575,0.1550569026799291,3,-73227.52664831978,0.23927011804031176
