,M,plusM,minusM,NF,logZ,logZerr
0,37.951848747904236,0.2653920804869827,0.271743597346628,2,-198035.36512454142,0.4094812690222015
