,M,plusM,minusM,NF,logZ,logZerr
0,20.318694294766036,0.22329548583315528,0.2387166492502324,5,-141350.50339132847,0.4754611358809524
