,M,plusM,minusM,NF,logZ,logZerr
0,10.943707177848358,0.21454973788932996,0.22639507942787063,4,-107738.76151079676,0.3771392421185929
