{
    "niter": 5615,
    "logz": -105686.88176329724,
    "logzerr": 0.28535037239302535,
    "logz_bs": -105686.89122728388,
    "logz_single": -105686.88176329724,
    "logzerr_tail": 0.009937260081642307,
    "logzerr_bs": 0.2851772885187529,
    "ess": 1553.0005207168047,
    "H": 7.93636468029581,
    "Herr": 0.13831368202528618,
    "posterior": {
        "mean": [
            0.06371429412537544,
            -0.00876162898148767
        ],
        "stdev": [
            0.0008790238472211778,
            0.0009005436964499972
        ],
        "median": [
            0.06372869769636968,
            -0.008790481362663749
        ],
        "errlo": [
            0.06280438163671617,
            -0.009672790907592807
        ],
        "errup": [
            0.06458077040683327,
            -0.007839097672554002
        ],
        "information_gain_bits": [
            3.8192542230824342,
            3.839568372971602
        ]
    },
    "maximum_likelihood": {
        "logl": -105677.93768222044,
        "point": [
            0.06369603627707532,
            -0.008761864045353007
        ],
        "point_untransformed": [
            0.8184801813853766,
            0.45619067977323496
        ]
    },
    "ncall": 7261,
    "paramnames": [
        "k1",
        "k2"
    ],
    "logzerr_single": 0.14085777117624546,
    "insertion_order_MWW_test": {
        "independent_iterations": Infinity,
        "converged": true
    }
}