,M,plusM,minusM,NF,logZ,logZerr
0,10.328172445297387,0.1488115508270802,0.1496040616186214,4,-69304.24091018348,0.2787754517454941
