{
    "niter": 6897,
    "logz": -141033.7666404358,
    "logzerr": 0.17998082799333784,
    "logz_bs": -141033.75974060612,
    "logz_single": -141033.7666404358,
    "logzerr_tail": 0.009932846267474815,
    "logzerr_bs": 0.17970653023803607,
    "ess": 1634.522387224828,
    "H": 12.552673477301141,
    "Herr": 0.11373852531647836,
    "posterior": {
        "mean": [
            0.06362111698947043,
            -0.008206991125475785,
            0.00231361333453204
        ],
        "stdev": [
            0.0007421344396257862,
            0.0007939848052768583,
            0.0007757897584771189
        ],
        "median": [
            0.06359769146473096,
            -0.0081932987513232,
            0.002293414509957764
        ],
        "errlo": [
            0.06290039956216317,
            -0.009011361483231506,
            0.0015413491164807994
        ],
        "errup": [
            0.06436892493649723,
            -0.007396996397554173,
            0.0030973710328860565
        ],
        "information_gain_bits": [
            3.824321667308728,
            3.825345949859133,
            3.8174023684068503
        ]
    },
    "maximum_likelihood": {
        "logl": -141019.75766447818,
        "point": [
            0.0635981795615109,
            -0.008204174987819807,
            0.0023520861216234368
        ],
        "point_untransformed": [
            0.8179908978075544,
            0.458979125060901,
            0.5117604306081172
        ]
    },
    "ncall": 11583,
    "paramnames": [
        "k1",
        "k2",
        "k3"
    ],
    "logzerr_single": 0.17714876147817926,
    "insertion_order_MWW_test": {
        "independent_iterations": Infinity,
        "converged": true
    }
}