,M,plusM,minusM,NF,logZ,logZerr
0,14.48045656352781,0.19308183099716558,0.19856151293529223,2,-141332.66093482083,0.266397163600117
