,M,plusM,minusM,NF,logZ,logZerr
0,11.678152878221065,0.18554516084507178,0.2016983153663663,3,-105711.85574276942,0.32543909081788164
