,M,plusM,minusM,NF,logZ,logZerr
0,21.480104764763883,0.21173329482992997,0.2079709909798204,4,-138556.87114760693,0.3073221658134364
