,M,plusM,minusM,NF,logZ,logZerr
0,58.00772279800929,0.4506829469446032,0.43899461243511695,4,-305780.6817403984,0.3884848635815327
