{
    "niter": 5809,
    "logz": -211944.7682996015,
    "logzerr": 0.24318077917344724,
    "logz_bs": -211944.8058141819,
    "logz_single": -211944.7682996015,
    "logzerr_tail": 0.009929838997777551,
    "logzerr_bs": 0.24297796125756577,
    "ess": 1472.9763119115482,
    "H": 8.808098059584154,
    "Herr": 0.13343804269014967,
    "posterior": {
        "mean": [
            0.07987017792988796,
            -0.0172588010076309
        ],
        "stdev": [
            0.0005708018079614468,
            0.0006092594598071456
        ],
        "median": [
            0.07986388850160517,
            -0.017278663091389035
        ],
        "errlo": [
            0.0793215335849485,
            -0.017850336460039348
        ],
        "errup": [
            0.08044655104192372,
            -0.016666200973508905
        ],
        "information_gain_bits": [
            3.8257506539997315,
            3.84632951090649
        ]
    },
    "maximum_likelihood": {
        "logl": -211935.00531294494,
        "point": [
            0.07988186985568824,
            -0.01724036140355617
        ],
        "point_untransformed": [
            0.8994093492784412,
            0.41379819298221915
        ]
    },
    "ncall": 7477,
    "paramnames": [
        "k1",
        "k2"
    ],
    "logzerr_single": 0.14839220043169513,
    "insertion_order_MWW_test": {
        "independent_iterations": Infinity,
        "converged": true
    }
}