{
    "niter": 6293,
    "logz": -69302.2894461397,
    "logzerr": 0.21009776707042682,
    "logz_bs": -69302.30081085507,
    "logz_single": -69302.2894461397,
    "logzerr_tail": 0.009924324258463457,
    "logzerr_bs": 0.20986324003024492,
    "ess": 1592.9253279949257,
    "H": 11.363668500751373,
    "Herr": 0.12199434051322512,
    "posterior": {
        "mean": [
            0.0795957534362751,
            -0.016318123627265552,
            0.005310893280839578
        ],
        "stdev": [
            0.001051536269862,
            0.0011600553180047377,
            0.0010409414447330957
        ],
        "median": [
            0.0796166398131915,
            -0.016323174075183827,
            0.005293779460612519
        ],
        "errlo": [
            0.07852659061943995,
            -0.017504838248741467,
            0.004281012821240632
        ],
        "errup": [
            0.08065180816551826,
            -0.015147059211120209,
            0.0063296987614346045
        ],
        "information_gain_bits": [
            3.8145417819787255,
            3.7409415145405993,
            3.7285017595915932
        ]
    },
    "maximum_likelihood": {
        "logl": -69289.4199933694,
        "point": [
            0.07964498887641847,
            -0.016334652699959373,
            0.005280932055620607
        ],
        "point_untransformed": [
            0.8982249443820923,
            0.41832673650020313,
            0.5264046602781031
        ]
    },
    "ncall": 10440,
    "paramnames": [
        "k1",
        "k2",
        "k3"
    ],
    "logzerr_single": 0.16855020395086573,
    "insertion_order_MWW_test": {
        "independent_iterations": Infinity,
        "converged": true
    }
}