{
    "niter": 5967,
    "logz": -105880.96710560657,
    "logzerr": 0.24241394036962535,
    "logz_bs": -105881.06083145218,
    "logz_single": -105880.96710560657,
    "logzerr_tail": 0.00993752374779433,
    "logzerr_bs": 0.24221016516094096,
    "ess": 1211.7391774000164,
    "H": 20.268770727925585,
    "Herr": 0.1938113801165915,
    "posterior": {
        "mean": [
            0.07962732096993089,
            -0.01699565353331415,
            0.005743322320670452,
            -0.0027672197670015556,
            0.0003747662833686714
        ],
        "stdev": [
            0.0008532263569580088,
            0.0009214538787876243,
            0.0009573841044656237,
            0.0009225362382096825,
            0.0008901632742473173
        ],
        "median": [
            0.07961883228928018,
            -0.017011723696748,
            0.005770285210944318,
            -0.002767409729656306,
            0.00038489615548005507
        ],
        "errlo": [
            0.07876537982619447,
            -0.017958704391540972,
            0.004756367980394555,
            -0.0036788362267784203,
            -0.0005388968098672329
        ],
        "errup": [
            0.08053961641046356,
            -0.016076647254742615,
            0.006706553847253776,
            -0.0018577539333624882,
            0.001282969624660013
        ],
        "information_gain_bits": [
            3.81563128633527,
            3.8303628522271076,
            3.8510787037941436,
            3.8163339845535718,
            3.869086329992665
        ]
    },
    "maximum_likelihood": {
        "logl": -105858.1041753228,
        "point": [
            0.07973539583338127,
            -0.017006792257945658,
            0.005710604214162432,
            -0.002888776930207171,
            0.00041121139976618704
        ],
        "point_untransformed": [
            0.8986769791669064,
            0.4149660387102717,
            0.5285530210708121,
            0.48555611534896415,
            0.5020560569988309
        ]
    },
    "ncall": 18042,
    "paramnames": [
        "k1",
        "k2",
        "k3",
        "k4",
        "k5"
    ],
    "logzerr_single": 0.22510425766700629,
    "insertion_order_MWW_test": {
        "independent_iterations": Infinity,
        "converged": true
    }
}