,M,plusM,minusM,NF,logZ,logZerr
0,29.03948602232196,0.31225004152577185,0.33733572619868823,3,-282187.5923719392,0.3214379972121333
