{
    "niter": 6173,
    "logz": -408593.4487145916,
    "logzerr": 0.2872730959007767,
    "logz_bs": -408593.4100654861,
    "logz_single": -408593.4487145916,
    "logzerr_tail": 0.009934344212524593,
    "logzerr_bs": 0.2871012720861472,
    "ess": 1547.0730926969075,
    "H": 9.45269252138678,
    "Herr": 0.13060454390076734,
    "posterior": {
        "mean": [
            0.0786640245537327,
            -0.012743817296873506
        ],
        "stdev": [
            0.0004339580621298368,
            0.0004511673357876751
        ],
        "median": [
            0.07864999073018827,
            -0.012738048501614405
        ],
        "errlo": [
            0.07823705535076994,
            -0.013204421845653416
        ],
        "errup": [
            0.07910592159098996,
            -0.012301400205230947
        ],
        "information_gain_bits": [
            3.889121396150885,
            3.81593031757339
        ]
    },
    "maximum_likelihood": {
        "logl": -408582.9745623525,
        "point": [
            0.07868350524927578,
            -0.012734710466443339
        ],
        "point_untransformed": [
            0.8934175262463788,
            0.4363264476677833
        ]
    },
    "ncall": 7998,
    "paramnames": [
        "k1",
        "k2"
    ],
    "logzerr_single": 0.1537261568616966,
    "insertion_order_MWW_test": {
        "independent_iterations": Infinity,
        "converged": true
    }
}