,M,plusM,minusM,NF,logZ,logZerr
0,20.892545853878147,0.20417195867917215,0.2052067583323911,5,-166938.15157602468,0.4914161110671395
