,M,plusM,minusM,NF,logZ,logZerr
0,11.129772488062848,0.2448926114926131,0.251843420738723,4,-84154.73095059385,0.4953758738074557
