{
    "niter": 6979,
    "logz": -140995.41996140563,
    "logzerr": 0.4369478797372319,
    "logz_bs": -140995.38334217062,
    "logz_single": -140995.41996140563,
    "logzerr_tail": 0.009940817661117762,
    "logzerr_bs": 0.43683478541788645,
    "ess": 1549.3141003485619,
    "H": 16.43533623032272,
    "Herr": 0.2234987837374227,
    "posterior": {
        "mean": [
            0.06366623127313936,
            -0.009404514023876648,
            0.0024842143481662404,
            -0.0005797013163396157
        ],
        "stdev": [
            0.0007620242758535942,
            0.0008016894548902693,
            0.0007819957266098291,
            0.0007866159818161555
        ],
        "median": [
            0.06367569811929205,
            -0.009379770241961988,
            0.0025032772370230383,
            -0.0005566606224904208
        ],
        "errlo": [
            0.06292807494739791,
            -0.010192145955367521,
            0.001695398048952551,
            -0.001368701163138983
        ],
        "errup": [
            0.06441263450606918,
            -0.00861784552512683,
            0.00325183183043172,
            0.00021766860318847558
        ],
        "information_gain_bits": [
            3.823023128497387,
            3.918992026568001,
            3.815341172444642,
            3.9216949945015247
        ]
    },
    "maximum_likelihood": {
        "logl": -140977.0040248706,
        "point": [
            0.06369588024273329,
            -0.009340428596535444,
            0.0024997369457201435,
            -0.00059273246935862
        ],
        "point_untransformed": [
            0.8184794012136664,
            0.4532978570173228,
            0.5124986847286007,
            0.4970363376532069
        ]
    },
    "ncall": 14712,
    "paramnames": [
        "k1",
        "k2",
        "k3",
        "k4"
    ],
    "logzerr_single": 0.20270259143831093,
    "insertion_order_MWW_test": {
        "independent_iterations": Infinity,
        "converged": true
    }
}