,M,plusM,minusM,NF,logZ,logZerr
0,28.77220987651576,0.38009452017431045,0.3626316363948163,4,-283968.24902790977,0.2923193543152786
