,M,plusM,minusM,NF,logZ,logZerr
0,7.546224821396214,0.14208308223065202,0.11644041906433955,2,-70481.1441159204,0.2578524930786183
