,M,plusM,minusM,NF,logZ,logZerr
0,15.10474376932126,0.20763279087178077,0.1948409770822881,5,-106025.92850601452,0.33854770809439616
