{
    "niter": 5513,
    "logz": -107696.67755063258,
    "logzerr": 0.31533545183570955,
    "logz_bs": -107696.69374263514,
    "logz_single": -107696.67755063258,
    "logzerr_tail": 0.00993111370189581,
    "logzerr_bs": 0.3151790287520271,
    "ess": 1495.752044972352,
    "H": 7.927608303900342,
    "Herr": 0.10231882196530162,
    "posterior": {
        "mean": [
            0.06369844969231298,
            -0.009619601954855441
        ],
        "stdev": [
            0.000858635928903108,
            0.0008825400725728402
        ],
        "median": [
            0.06370923679885196,
            -0.009622471222698409
        ],
        "errlo": [
            0.06282601167277874,
            -0.010506372858477817
        ],
        "errup": [
            0.06456358201730966,
            -0.008728457986597438
        ],
        "information_gain_bits": [
            3.8199811740912226,
            3.843536068565984
        ]
    },
    "maximum_likelihood": {
        "logl": -107687.77347281876,
        "point": [
            0.06368726928680016,
            -0.009646839213744499
        ],
        "point_untransformed": [
            0.8184363464340008,
            0.4517658039312775
        ]
    },
    "ncall": 7200,
    "paramnames": [
        "k1",
        "k2"
    ],
    "logzerr_single": 0.1407800438973893,
    "insertion_order_MWW_test": {
        "independent_iterations": Infinity,
        "converged": true
    }
}