{
    "niter": 5890,
    "logz": -172385.46495414773,
    "logzerr": 0.21821435691561505,
    "logz_bs": -172385.47438839544,
    "logz_single": -172385.46495414773,
    "logzerr_tail": 0.009936667513102293,
    "logzerr_bs": 0.21798800013493747,
    "ess": 1574.1709046182634,
    "H": 8.578762058110442,
    "Herr": 0.1175232932247722,
    "posterior": {
        "mean": [
            0.06357649685693312,
            -0.007516231626414095
        ],
        "stdev": [
            0.000713156246131128,
            0.0007170750371300789
        ],
        "median": [
            0.06356815469313548,
            -0.007496877824324802
        ],
        "errlo": [
            0.06288349137389493,
            -0.0082086974978786
        ],
        "errup": [
            0.06432660099396309,
            -0.0067981547625803745
        ],
        "information_gain_bits": [
            3.825938055066441,
            3.8169771045904293
        ]
    },
    "maximum_likelihood": {
        "logl": -172375.8466754786,
        "point": [
            0.06356085041398563,
            -0.007535480508867487
        ],
        "point_untransformed": [
            0.8178042520699281,
            0.46232259745566257
        ]
    },
    "ncall": 7677,
    "paramnames": [
        "k1",
        "k2"
    ],
    "logzerr_single": 0.14644761911781326,
    "insertion_order_MWW_test": {
        "independent_iterations": Infinity,
        "converged": true
    }
}