,M,plusM,minusM,NF,logZ,logZerr
0,11.208347291170773,0.2421234254779545,0.25608950573427336,5,-105697.69535015164,0.5736896374973348
