,M,plusM,minusM,NF,logZ,logZerr
0,42.427305130757645,0.44243926944830747,0.433899136467474,2,-275975.89431044384,0.2413431582882092
