,M,plusM,minusM,NF,logZ,logZerr
0,11.374505761326182,0.1549748669228368,0.1723883815134979,2,-105711.8313782013,0.1849504619148049
