{
    "niter": 5827,
    "logz": -107706.11125965811,
    "logzerr": 0.3739704218666824,
    "logz_bs": -107706.09906061187,
    "logz_single": -107706.11125965811,
    "logzerr_tail": 0.009913990565109998,
    "logzerr_bs": 0.3738389883656055,
    "ess": 1225.689594520607,
    "H": 19.373399129588506,
    "Herr": 0.1789575204307319,
    "posterior": {
        "mean": [
            0.06361082269567432,
            -0.009166784492836576,
            0.001986175326161331,
            -0.000941509411502283,
            -0.00045059485776222617
        ],
        "stdev": [
            0.0008433898318350715,
            0.0009161741903162675,
            0.0009092621388525747,
            0.0009070989432633596,
            0.0008868323969391319
        ],
        "median": [
            0.06364087335810065,
            -0.009175274951767814,
            0.0019927709061149795,
            -0.0009528867923241924,
            -0.0004344591510647977
        ],
        "errlo": [
            0.0627558532322687,
            -0.010060962514278946,
            0.0011259371906565396,
            -0.0018416915559291425,
            -0.0013792379793674814
        ],
        "errup": [
            0.06446849823516496,
            -0.008202602191652059,
            0.0028364695912548032,
            -3.303010801930517e-05,
            0.0004252062518820146
        ],
        "information_gain_bits": [
            3.822540615941526,
            3.854877447686791,
            3.8234193949631368,
            3.8526545354920887,
            3.8573264825898885
        ]
    },
    "maximum_likelihood": {
        "logl": -107684.30202633588,
        "point": [
            0.06372196781422074,
            -0.00904750780137864,
            0.0019553408355788005,
            -0.000945655871523482,
            -0.00041812547646831455
        ],
        "point_untransformed": [
            0.8186098390711036,
            0.4547624609931068,
            0.509776704177894,
            0.4952717206423826,
            0.49790937261765844
        ]
    },
    "ncall": 17547,
    "paramnames": [
        "k1",
        "k2",
        "k3",
        "k4",
        "k5"
    ],
    "logzerr_single": 0.220076118249962,
    "insertion_order_MWW_test": {
        "independent_iterations": Infinity,
        "converged": true
    }
}