,M,plusM,minusM,NF,logZ,logZerr
0,19.1773849151322,0.20292790318447018,0.1876141879201434,2,-113110.71070016258,0.21543628670325846
