{
    "niter": 6537,
    "logz": -84150.2710545919,
    "logzerr": 0.3830443993957272,
    "logz_bs": -84150.29364003027,
    "logz_single": -84150.2710545919,
    "logzerr_tail": 0.009940784497302957,
    "logzerr_bs": 0.38291538583871443,
    "ess": 1680.402691484102,
    "H": 11.405616874588304,
    "Herr": 0.13990524030214463,
    "posterior": {
        "mean": [
            0.06359041454793118,
            -0.008407740143133571,
            0.0017300605949710011
        ],
        "stdev": [
            0.0010282086707628663,
            0.0010751566954307142,
            0.0010205906688010849
        ],
        "median": [
            0.06358263320506999,
            -0.008441802222027492,
            0.0017451561308719221
        ],
        "errlo": [
            0.06253881202950035,
            -0.009483587221007062,
            0.0007103201850831853
        ],
        "errup": [
            0.06463493100739953,
            -0.007331784282221282,
            0.0027396880559888703
        ],
        "information_gain_bits": [
            3.8183794253572954,
            3.816860613135716,
            3.818102233223195
        ]
    },
    "maximum_likelihood": {
        "logl": -84137.2776313482,
        "point": [
            0.06364263878812884,
            -0.008370294564908703,
            0.0017412698890024447
        ],
        "point_untransformed": [
            0.8182131939406442,
            0.4581485271754565,
            0.5087063494450123
        ]
    },
    "ncall": 10572,
    "paramnames": [
        "k1",
        "k2",
        "k3"
    ],
    "logzerr_single": 0.16886101440673262,
    "insertion_order_MWW_test": {
        "independent_iterations": Infinity,
        "converged": true
    }
}