,M,plusM,minusM,NF,logZ,logZerr
0,7.608969435450865,0.14947825371071666,0.13510821713609733,5,-142249.30274052394,0.4447469402302005
