{
    "niter": 6676,
    "logz": -105693.89831747711,
    "logzerr": 0.3340414206863275,
    "logz_bs": -105693.90819399446,
    "logz_single": -105693.89831747711,
    "logzerr_tail": 0.009930503380019218,
    "logzerr_bs": 0.33389377927233,
    "ess": 1538.1495818961482,
    "H": 16.17343879105465,
    "Herr": 0.15411730483173341,
    "posterior": {
        "mean": [
            0.06363839466314188,
            -0.008357427840396153,
            0.0015274022978801348,
            -0.0008756855721859399
        ],
        "stdev": [
            0.0008885379756484109,
            0.0009603376275002,
            0.0009674702234754072,
            0.0009046775404206529
        ],
        "median": [
            0.06365186369495376,
            -0.008360572192801063,
            0.0015164762768532791,
            -0.0008733721850669729
        ],
        "errlo": [
            0.06273349276656467,
            -0.009327939526419776,
            0.0005652719614968882,
            -0.0017778810325434768
        ],
        "errup": [
            0.06454330421566262,
            -0.007383211811172449,
            0.002522708326533979,
            4.903372291265733e-05
        ],
        "information_gain_bits": [
            3.8203868833111634,
            3.8246746632846746,
            3.8279426784746167,
            3.8125510291528086
        ]
    },
    "maximum_likelihood": {
        "logl": -105675.62777000925,
        "point": [
            0.06362816315134912,
            -0.008380758853830023,
            0.0015874183776104223,
            -0.0008762937202462517
        ],
        "point_untransformed": [
            0.8181408157567456,
            0.4580962057308499,
            0.5079370918880521,
            0.49561853139876877
        ]
    },
    "ncall": 14385,
    "paramnames": [
        "k1",
        "k2",
        "k3",
        "k4"
    ],
    "logzerr_single": 0.2010810706596636,
    "insertion_order_MWW_test": {
        "independent_iterations": Infinity,
        "converged": true
    }
}