,M,plusM,minusM,NF,logZ,logZerr
0,14.874368638724565,0.28561451262974735,0.274624961858148,5,-141343.44676196433,0.4570005626056431
