"k1_mean", "k1_stdev", "k1_median", "k1_errlo", "k1_errup", "k2_mean", "k2_stdev", "k2_median", "k2_errlo", "k2_errup", "k3_mean", "k3_stdev", "k3_median", "k3_errlo", "k3_errup"
6.364133767468765912e-02,-8.359620068908987789e-03,1.986953337988027393e-03,7.480675924042746614e-04,8.079175999854971675e-04,7.832448405449907039e-04,6.361327723538004464e-02,-8.363968480078282086e-03,1.972850106980381102e-03,6.293026842229157425e-02,-9.173565547437617651e-03,1.215116131583790981e-03,6.442622277494611249e-02,-7.539639898625188907e-03,2.785864979852892276e-03
