{
    "niter": 6769,
    "logz": -142179.00806076013,
    "logzerr": 0.29708850298573813,
    "logz_bs": -142179.0228788071,
    "logz_single": -142179.00806076013,
    "logzerr_tail": 0.00994903568062,
    "logzerr_bs": 0.29692186732427217,
    "ess": 1621.2848110659008,
    "H": 12.273140359466197,
    "Herr": 0.1606111921729384,
    "posterior": {
        "mean": [
            0.06361266575788072,
            -0.008336040707750486,
            0.00199532757788242
        ],
        "stdev": [
            0.0007461396749141205,
            0.0008194291461420321,
            0.0007709660411574042
        ],
        "median": [
            0.06361246907436685,
            -0.008335997741352116,
            0.0020225295239985897
        ],
        "errlo": [
            0.06287020067599866,
            -0.009167801350429328,
            0.0012024452405332287
        ],
        "errup": [
            0.06437802392762082,
            -0.007509731550204651,
            0.002797658106632156
        ],
        "information_gain_bits": [
            3.825009881326478,
            3.8283558979570027,
            3.8273339498086822
        ]
    },
    "maximum_likelihood": {
        "logl": -142165.24847879083,
        "point": [
            0.06363911563895835,
            -0.008348261803444071,
            0.0019855098524265424
        ],
        "point_untransformed": [
            0.8181955781947917,
            0.45825869098277966,
            0.5099275492621327
        ]
    },
    "ncall": 11320,
    "paramnames": [
        "k1",
        "k2",
        "k3"
    ],
    "logzerr_single": 0.17516521029778,
    "insertion_order_MWW_test": {
        "independent_iterations": Infinity,
        "converged": true
    }
}