{
    "niter": 6597,
    "logz": -142179.23954990474,
    "logzerr": 0.2631979759947054,
    "logz_bs": -142179.2069683993,
    "logz_single": -142179.23954990474,
    "logzerr_tail": 0.009926644794177264,
    "logzerr_bs": 0.2630107151635457,
    "ess": 1589.5174628613681,
    "H": 12.487917219259543,
    "Herr": 0.12009287049236493,
    "posterior": {
        "mean": [
            0.06364133767468766,
            -0.008359620068908988,
            0.0019869533379880274
        ],
        "stdev": [
            0.0007480675924042747,
            0.0008079175999854972,
            0.0007832448405449907
        ],
        "median": [
            0.06361327723538004,
            -0.008363968480078282,
            0.001972850106980381
        ],
        "errlo": [
            0.06293026842229157,
            -0.009173565547437618,
            0.001215116131583791
        ],
        "errup": [
            0.06442622277494611,
            -0.007539639898625189,
            0.0027858649798528923
        ],
        "information_gain_bits": [
            3.8239035917885746,
            3.8295795972148245,
            3.8256679955381774
        ]
    },
    "maximum_likelihood": {
        "logl": -142165.2507312963,
        "point": [
            0.06360446067664088,
            -0.00835303015320829,
            0.002042405657447427
        ],
        "point_untransformed": [
            0.8180223033832044,
            0.4582348492339586,
            0.5102120282872371
        ]
    },
    "ncall": 10977,
    "paramnames": [
        "k1",
        "k2",
        "k3"
    ],
    "logzerr_single": 0.1766912364780689,
    "insertion_order_MWW_test": {
        "independent_iterations": Infinity,
        "converged": true
    }
}