{
    "niter": 6973,
    "logz": -283963.6455984274,
    "logzerr": 0.32465475134582633,
    "logz_bs": -283963.64956429764,
    "logz_single": -283963.6455984274,
    "logzerr_tail": 0.009925726044457406,
    "logzerr_bs": 0.3245029854006134,
    "ess": 1598.13752881875,
    "H": 13.397898780123796,
    "Herr": 0.13268881504796554,
    "posterior": {
        "mean": [
            0.06305777628522678,
            -0.007005639902214351,
            0.0013065153155403214
        ],
        "stdev": [
            0.0005456734356849191,
            0.000566378527793308,
            0.0005560153570608918
        ],
        "median": [
            0.06305871603776667,
            -0.007015065773316079,
            0.0012948432719690761
        ],
        "errlo": [
            0.06251194716833722,
            -0.0075688320450040675,
            0.0007430755192216199
        ],
        "errup": [
            0.06360094749770756,
            -0.006427208081967811,
            0.0018518432619345215
        ],
        "information_gain_bits": [
            3.897974285785528,
            3.8483104775147363,
            3.9269130716855463
        ]
    },
    "maximum_likelihood": {
        "logl": -283948.72491122887,
        "point": [
            0.06309648273427643,
            -0.0070131258997826185,
            0.0013083251517146122
        ],
        "point_untransformed": [
            0.8154824136713821,
            0.46493437050108694,
            0.5065416257585731
        ]
    },
    "ncall": 11738,
    "paramnames": [
        "k1",
        "k2",
        "k3"
    ],
    "logzerr_single": 0.18301570137643788,
    "insertion_order_MWW_test": {
        "independent_iterations": Infinity,
        "converged": true
    }
}