,M,plusM,minusM,NF,logZ,logZerr
0,10.410987379475728,0.17583604948377385,0.1616844763314802,5,-69308.18124599803,0.2636515878165751
