{
    "niter": 6604,
    "logz": -70667.16452890499,
    "logzerr": 0.2538583892544062,
    "logz_bs": -70667.19061687082,
    "logz_single": -70667.16452890499,
    "logzerr_tail": 0.00993025656498503,
    "logzerr_bs": 0.25366409245179966,
    "ess": 1683.6145758835387,
    "H": 11.532352273483411,
    "Herr": 0.11537366304582639,
    "posterior": {
        "mean": [
            0.07960706474364959,
            -0.014878465046032276,
            0.004832946957964379
        ],
        "stdev": [
            0.0010349924611250268,
            0.0011225070292025857,
            0.0010529006741175375
        ],
        "median": [
            0.0795753631361136,
            -0.014888072761980314,
            0.004833472111458383
        ],
        "errlo": [
            0.07856335876886611,
            -0.015936117777882813,
            0.0037793410364724833
        ],
        "errup": [
            0.08066296636289291,
            -0.01373414508546813,
            0.005869311462477933
        ],
        "information_gain_bits": [
            3.8147362058325736,
            3.7121375553461093,
            3.7418894638404967
        ]
    },
    "maximum_likelihood": {
        "logl": -70654.14713541223,
        "point": [
            0.07964805341271106,
            -0.014918098180183942,
            0.00483818087681423
        ],
        "point_untransformed": [
            0.8982402670635552,
            0.42540950909908026,
            0.5241909043840711
        ]
    },
    "ncall": 11273,
    "paramnames": [
        "k1",
        "k2",
        "k3"
    ],
    "logzerr_single": 0.16979658619568452,
    "insertion_order_MWW_test": {
        "independent_iterations": Infinity,
        "converged": true
    }
}