,M,plusM,minusM,NF,logZ,logZerr
0,7.613946907598908,0.19164731639505206,0.1861759401112364,5,-73234.40202398461,0.3717229909365849
