,M,plusM,minusM,NF,logZ,logZerr
0,29.165621428865553,0.38491040579443947,0.3444341500463217,4,-282192.39830824104,0.5119913363193642
