,M,plusM,minusM,NF,logZ,logZerr
0,28.591031567061464,0.28053665621326473,0.2687922871734969,2,-282186.2560572445,0.2635404751662078
