,M,plusM,minusM,NF,logZ,logZerr
0,20.174737873059307,0.16237898133485018,0.1747753720474492,2,-138596.1588395735,0.21646702786083408
