,M,plusM,minusM,NF,logZ,logZerr
0,10.988756767809743,0.17563665264421502,0.17969418740582377,3,-107734.46005234704,0.2531785672096309
