{
    "niter": 6380,
    "logz": -172331.43862408312,
    "logzerr": 0.5738733409286539,
    "logz_bs": -172331.3879966294,
    "logz_single": -172331.43862408312,
    "logzerr_tail": 0.009916081151459366,
    "logzerr_bs": 0.5737876634811983,
    "ess": 1251.0917446879207,
    "H": 21.40812984458171,
    "Herr": 0.2390428892097284,
    "posterior": {
        "mean": [
            0.06362848139213814,
            -0.008592010952487288,
            0.002325012287978908,
            -0.0008465880533012647,
            -1.5861581745655523e-05
        ],
        "stdev": [
            0.0006848867462590257,
            0.0007270888672662946,
            0.00072772059918642,
            0.0007040818911226005,
            0.0006901208481274638
        ],
        "median": [
            0.0636315151372142,
            -0.008562815536488008,
            0.0023403864039129446,
            -0.0008822945254967143,
            -9.578137468574388e-06
        ],
        "errlo": [
            0.06295159927512001,
            -0.009338401723791995,
            0.0015725507393862745,
            -0.0015444403398883477,
            -0.0006978133511609808
        ],
        "errup": [
            0.06429813041389348,
            -0.007881746274510068,
            0.003049298218112867,
            -0.00013824375025761615,
            0.0006379670855709986
        ],
        "information_gain_bits": [
            3.826298323878233,
            3.850976975661068,
            3.816971007204271,
            3.9437273115709126,
            3.9737551486572413
        ]
    },
    "maximum_likelihood": {
        "logl": -172307.60259368783,
        "point": [
            0.0635309493759367,
            -0.00859386692303779,
            0.002251818353758206,
            -0.0009514987875490488,
            6.322518541775068e-05
        ],
        "point_untransformed": [
            0.8176547468796835,
            0.4570306653848111,
            0.511259091768791,
            0.4952425060622548,
            0.5003161259270887
        ]
    },
    "ncall": 19248,
    "paramnames": [
        "k1",
        "k2",
        "k3",
        "k4",
        "k5"
    ],
    "logzerr_single": 0.23134460143140204,
    "insertion_order_MWW_test": {
        "independent_iterations": Infinity,
        "converged": true
    }
}