{
    "niter": 6900,
    "logz": -166934.3756814891,
    "logzerr": 0.32731466554358857,
    "logz_bs": -166934.37612914573,
    "logz_single": -166934.3756814891,
    "logzerr_tail": 0.009933273919159546,
    "logzerr_bs": 0.3271639044105541,
    "ess": 1588.278644963269,
    "H": 12.683562757185427,
    "Herr": 0.14727231955219208,
    "posterior": {
        "mean": [
            0.07963475086183147,
            -0.016222090441946297,
            0.006094788883747371
        ],
        "stdev": [
            0.0006484508373093402,
            0.0007177845630131366,
            0.0006962397336432192
        ],
        "median": [
            0.07961416227781506,
            -0.016229925182381408,
            0.0060858557565456745
        ],
        "errlo": [
            0.07900279322300954,
            -0.01696220749269059,
            0.005375837713095133
        ],
        "errup": [
            0.08029628275067402,
            -0.015496282669508962,
            0.006783954495273932
        ],
        "information_gain_bits": [
            3.8164321895507634,
            3.9480218902619204,
            3.917138631644742
        ]
    },
    "maximum_likelihood": {
        "logl": -166920.24644713852,
        "point": [
            0.0796411937046149,
            -0.016211269776156542,
            0.006147641987336708
        ],
        "point_untransformed": [
            0.8982059685230744,
            0.4189436511192173,
            0.5307382099366835
        ]
    },
    "ncall": 11743,
    "paramnames": [
        "k1",
        "k2",
        "k3"
    ],
    "logzerr_single": 0.1780699494383136,
    "insertion_order_MWW_test": {
        "independent_iterations": Infinity,
        "converged": true
    }
}