,M,plusM,minusM,NF,logZ,logZerr
0,19.9642197116262,0.2464766476534379,0.24763588007212434,4,-113102.83096235886,0.35529074750744255
