{
    "niter": 7119,
    "logz": -275980.6738000376,
    "logzerr": 0.2836117558666222,
    "logz_bs": -275980.62294723565,
    "logz_single": -275980.6738000376,
    "logzerr_tail": 0.009930001571774483,
    "logzerr_bs": 0.28343786468030885,
    "ess": 1453.4001073110367,
    "H": 17.829412609396968,
    "Herr": 0.16102091804158697,
    "posterior": {
        "mean": [
            0.06273967665896939,
            -0.007149240653232785,
            0.001638478390974322,
            -0.00030943894625350013
        ],
        "stdev": [
            0.0005352320813045364,
            0.0005533410718914002,
            0.000567276441191204,
            0.0005421779571346012
        ],
        "median": [
            0.06275590147876395,
            -0.0071382919756608765,
            0.0016498142084727246,
            -0.0003148277677733763
        ],
        "errlo": [
            0.06220115622251993,
            -0.007693856757194966,
            0.0010630479524526004,
            -0.0008413428587414618
        ],
        "errup": [
            0.06325973730457232,
            -0.0065962817224513295,
            0.002217325248260571,
            0.00022250505601550952
        ],
        "information_gain_bits": [
            3.9622829274968967,
            3.8379591306548813,
            3.8755570463676805,
            4.122800520896443
        ]
    },
    "maximum_likelihood": {
        "logl": -275960.93651857635,
        "point": [
            0.06271059039213378,
            -0.007133514380784772,
            0.001613212548220555,
            -0.0003418411523138515
        ],
        "point_untransformed": [
            0.8135529519606689,
            0.4643324280960761,
            0.5080660627411028,
            0.49829079423843076
        ]
    },
    "ncall": 15060,
    "paramnames": [
        "k1",
        "k2",
        "k3",
        "k4"
    ],
    "logzerr_single": 0.2111244455848077,
    "insertion_order_MWW_test": {
        "independent_iterations": Infinity,
        "converged": true
    }
}