{
    "niter": 6103,
    "logz": -423149.1764781779,
    "logzerr": 0.3126191508570906,
    "logz_bs": -423149.19910462876,
    "logz_single": -423149.1764781779,
    "logzerr_tail": 0.009929072402883321,
    "logzerr_bs": 0.3124614328262396,
    "ess": 1512.7726111981035,
    "H": 9.328178019670304,
    "Herr": 0.10632790017366478,
    "posterior": {
        "mean": [
            0.06269303326649128,
            -0.007184081243834658
        ],
        "stdev": [
            0.0004333495692651212,
            0.00044255520222603455
        ],
        "median": [
            0.06269110273466025,
            -0.00718418807603817
        ],
        "errlo": [
            0.06226038759659164,
            -0.007598014806510164
        ],
        "errup": [
            0.06312296659685446,
            -0.0067390180840545405
        ],
        "information_gain_bits": [
            4.02536390649411,
            3.84557322701004
        ]
    },
    "maximum_likelihood": {
        "logl": -423138.8870158665,
        "point": [
            0.0626795432837429,
            -0.007172920471433669
        ],
        "point_untransformed": [
            0.8133977164187144,
            0.4641353976428317
        ]
    },
    "ncall": 8098,
    "paramnames": [
        "k1",
        "k2"
    ],
    "logzerr_single": 0.1527103305253962,
    "insertion_order_MWW_test": {
        "independent_iterations": Infinity,
        "converged": true
    }
}