,M,plusM,minusM,NF,logZ,logZerr
0,38.52592078150198,0.2845112733416002,0.3274099658702454,4,-278565.7814890632,0.2619502150208426
