{
    "niter": 5969,
    "logz": -141042.80086151426,
    "logzerr": 0.4533469187939699,
    "logz_bs": -141042.80389460077,
    "logz_single": -141042.80086151426,
    "logzerr_tail": 0.009932964720064774,
    "logzerr_bs": 0.4532380886375904,
    "ess": 1250.6528916993823,
    "H": 20.624727312359028,
    "Herr": 0.21524131326881207,
    "posterior": {
        "mean": [
            0.06362919667126052,
            -0.008154924377269458,
            0.0022528057312830893,
            -0.00031349652505970857,
            0.00013853459062229976
        ],
        "stdev": [
            0.000785866282052452,
            0.0008014806839693595,
            0.0007985903565392692,
            0.0008214149968161873,
            0.0007597357931108772
        ],
        "median": [
            0.06363761587844277,
            -0.008151095668656294,
            0.002242726003903489,
            -0.0003082026345843647,
            0.00013241422214071985
        ],
        "errlo": [
            0.06286430103844828,
            -0.008965670466610162,
            0.001458672046051851,
            -0.0011138256676029579,
            -0.0006105561768979528
        ],
        "errup": [
            0.06444180272559114,
            -0.0073637300824965085,
            0.003039584169538867,
            0.0004814723752112754,
            0.0008560077696307955
        ],
        "information_gain_bits": [
            3.8236270999566546,
            3.822712446797953,
            3.819418967238751,
            3.887438237808493,
            3.8936750913697122
        ]
    },
    "maximum_likelihood": {
        "logl": -141019.68601371956,
        "point": [
            0.06354898490675984,
            -0.008276205983348356,
            0.0022987226753747037,
            -0.000509043248441185,
            7.580171817866965e-05
        ],
        "point_untransformed": [
            0.8177449245337991,
            0.45861897008325825,
            0.5114936133768735,
            0.49745478375779406,
            0.5003790085908933
        ]
    },
    "ncall": 18202,
    "paramnames": [
        "k1",
        "k2",
        "k3",
        "k4",
        "k5"
    ],
    "logzerr_single": 0.22707227545629072,
    "insertion_order_MWW_test": {
        "independent_iterations": Infinity,
        "converged": true
    }
}