,M,plusM,minusM,NF,logZ,logZerr
0,10.961578687841971,0.24404056053250756,0.22455523779166597,5,-107742.93107965772,0.35603541014656404
