,M,plusM,minusM,NF,logZ,logZerr
0,56.92552063913418,0.3869461883746368,0.3925762985672918,4,-408574.4775496162,0.3712428437317584
