{
    "niter": 6476,
    "logz": -70535.48269688681,
    "logzerr": 0.406696417470631,
    "logz_bs": -70535.43514666356,
    "logz_single": -70535.48269688681,
    "logzerr_tail": 0.009946114514605142,
    "logzerr_bs": 0.4065747788408771,
    "ess": 1646.0095086610054,
    "H": 11.348211466989596,
    "Herr": 0.11352306266194934,
    "posterior": {
        "mean": [
            0.07965486602676604,
            -0.018818866272507402,
            0.006865672453273425
        ],
        "stdev": [
            0.000986749966040726,
            0.0011166871716741485,
            0.0010967879279189527
        ],
        "median": [
            0.0796495924876378,
            -0.01876645876905604,
            0.0068443409081578865
        ],
        "errlo": [
            0.07869766656103488,
            -0.019962339276903537,
            0.005748324232482631
        ],
        "errup": [
            0.08061844896063497,
            -0.01772415703408736,
            0.007998158142315817
        ],
        "information_gain_bits": [
            3.815694358183023,
            3.7874402922606145,
            3.8002307444879624
        ]
    },
    "maximum_likelihood": {
        "logl": -70522.61562288256,
        "point": [
            0.07967319164057701,
            -0.018794540032484194,
            0.006848888780750212
        ],
        "point_untransformed": [
            0.898365958202885,
            0.406027299837579,
            0.534244443903751
        ]
    },
    "ncall": 10681,
    "paramnames": [
        "k1",
        "k2",
        "k3"
    ],
    "logzerr_single": 0.16843553267489017,
    "insertion_order_MWW_test": {
        "independent_iterations": Infinity,
        "converged": true
    }
}