,M,plusM,minusM,NF,logZ,logZerr
0,15.945717061144759,0.1611098859237785,0.16703362616533823,3,-103888.21685519235,0.24224362494232662
