{
    "niter": 5941,
    "logz": -70490.41019484177,
    "logzerr": 0.4534718625458978,
    "logz_bs": -70490.44507773522,
    "logz_single": -70490.41019484177,
    "logzerr_tail": 0.009926087615895085,
    "logzerr_bs": 0.45336321300419513,
    "ess": 1305.1904623783205,
    "H": 18.77993440903083,
    "Herr": 0.1834711501399959,
    "posterior": {
        "mean": [
            0.06362079352408453,
            -0.010772052652057607,
            0.0023649135654248655,
            -0.0014473786777327625,
            -0.0006137868971522272
        ],
        "stdev": [
            0.0010628627441006061,
            0.0011697076090074812,
            0.0011983760590226788,
            0.0010972391075434445,
            0.0011499595710260514
        ],
        "median": [
            0.06363251564370151,
            -0.010785311387871574,
            0.002354476471645328,
            -0.0015072185113656489,
            -0.0006049691429152182
        ],
        "errlo": [
            0.06255845841914462,
            -0.011934912286810678,
            0.001148252321436144,
            -0.0025300669574426504,
            -0.001812293834744467
        ],
        "errup": [
            0.06467350216227905,
            -0.009620133187950228,
            0.0036020563781077935,
            -0.0003247678401593049,
            0.0005637733338222928
        ],
        "information_gain_bits": [
            3.8152486556675633,
            3.714422350261116,
            3.793472329584447,
            3.7725829212524165,
            3.7071924245913848
        ]
    },
    "maximum_likelihood": {
        "logl": -70469.05567026418,
        "point": [
            0.06362561184441481,
            -0.010890723813388445,
            0.0024800504496761827,
            -0.0013489763408792432,
            -0.0007490433761650761
        ],
        "point_untransformed": [
            0.8181280592220741,
            0.44554638093305776,
            0.5124002522483809,
            0.4932551182956038,
            0.49625478311917465
        ]
    },
    "ncall": 17412,
    "paramnames": [
        "k1",
        "k2",
        "k3",
        "k4",
        "k5"
    ],
    "logzerr_single": 0.2166791084128257,
    "insertion_order_MWW_test": {
        "independent_iterations": Infinity,
        "converged": true
    }
}