,M,plusM,minusM,NF,logZ,logZerr
0,56.49730480988442,0.3548158963828669,0.3434858394633409,3,-408571.87883275514,0.33252316297339796
