,M,plusM,minusM,NF,logZ,logZerr
0,7.556748446856481,0.10840220878845308,0.11634810844080246,3,-142240.5371035282,0.31307440951580445
