{
    "niter": 6040,
    "logz": -172397.5077004638,
    "logzerr": 0.46194454628883574,
    "logz_bs": -172397.49069747224,
    "logz_single": -172397.5077004638,
    "logzerr_tail": 0.009919553791405633,
    "logzerr_bs": 0.4618380303727463,
    "ess": 1212.112110837766,
    "H": 21.213176535151433,
    "Herr": 0.22616914338152377,
    "posterior": {
        "mean": [
            0.06353115271980576,
            -0.007208753511806841,
            0.001393588653432856,
            -0.0002443855444658814,
            -0.000256184706274978
        ],
        "stdev": [
            0.0007033925530795719,
            0.0007030075046072343,
            0.0007517317257690413,
            0.0007293906590922114,
            0.000732565530231008
        ],
        "median": [
            0.06353724799601243,
            -0.007209599246877571,
            0.001385539717560419,
            -0.00023238392502317184,
            -0.0002449400122637446
        ],
        "errlo": [
            0.06283928674364325,
            -0.00792588458923335,
            0.0006234899611029243,
            -0.0009806065404263514,
            -0.0010417806972267268
        ],
        "errup": [
            0.06424580207758279,
            -0.006513702342074004,
            0.0021576697066503503,
            0.0004984839356081683,
            0.0004999386142518769
        ],
        "information_gain_bits": [
            3.830281105210564,
            3.8268439933209155,
            3.8708751539383335,
            4.0244410833411655,
            4.02447170279108
        ]
    },
    "maximum_likelihood": {
        "logl": -172373.74241006954,
        "point": [
            0.06350540895363374,
            -0.007172891903491102,
            0.0013435409190970249,
            -0.0003375639224231508,
            -0.00038795530959408187
        ],
        "point_untransformed": [
            0.8175270447681687,
            0.46413554048254446,
            0.5067177045954852,
            0.4983121803878843,
            0.4980602234520296
        ]
    },
    "ncall": 18677,
    "paramnames": [
        "k1",
        "k2",
        "k3",
        "k4",
        "k5"
    ],
    "logzerr_single": 0.2302888215651784,
    "insertion_order_MWW_test": {
        "independent_iterations": Infinity,
        "converged": true
    }
}