,M,plusM,minusM,NF,logZ,logZerr
0,57.09053577087306,0.4524571814663432,0.43097766465946563,5,-408579.29458433203,0.6025081620521776
