{
    "niter": 7215,
    "logz": -141038.46928036254,
    "logzerr": 0.40322272012335325,
    "logz_bs": -141038.50984338933,
    "logz_single": -141038.46928036254,
    "logzerr_tail": 0.009924384561600164,
    "logzerr_bs": 0.4031005688593723,
    "ess": 1600.4441685462464,
    "H": 16.77422145890887,
    "Herr": 0.2189417387706833,
    "posterior": {
        "mean": [
            0.06359122784008979,
            -0.008213997591840454,
            0.0022747656257941684,
            -0.00033847192510544984
        ],
        "stdev": [
            0.0007820694335811661,
            0.0007949799428206095,
            0.0008147489702132256,
            0.00079059388288742
        ],
        "median": [
            0.06358792889385798,
            -0.008195899285272187,
            0.002264101276117342,
            -0.0003243653025569865
        ],
        "errlo": [
            0.06280291129091409,
            -0.008996948232978003,
            0.0014779926629415047,
            -0.0011597669862622995
        ],
        "errup": [
            0.0643934582986461,
            -0.007414624253120589,
            0.0031114885124502722,
            0.000488141863392591
        ],
        "information_gain_bits": [
            3.8247456644740927,
            3.8245650602764205,
            3.8185576155894316,
            3.9297259971791987
        ]
    },
    "maximum_likelihood": {
        "logl": -141019.66568963788,
        "point": [
            0.06360754987417697,
            -0.008227650699826908,
            0.002186759431773863,
            -0.0003590389080582179
        ],
        "point_untransformed": [
            0.8180377493708848,
            0.4588617465008655,
            0.5109337971588693,
            0.4982048054597089
        ]
    },
    "ncall": 15131,
    "paramnames": [
        "k1",
        "k2",
        "k3",
        "k4"
    ],
    "logzerr_single": 0.20478172195601876,
    "insertion_order_MWW_test": {
        "independent_iterations": Infinity,
        "converged": true
    }
}