{
    "niter": 6950,
    "logz": -142244.59549434777,
    "logzerr": 0.3169067109938637,
    "logz_bs": -142244.6021602667,
    "logz_single": -142244.59549434777,
    "logzerr_tail": 0.009942738804966211,
    "logzerr_bs": 0.3167506991594564,
    "ess": 1517.293523104186,
    "H": 16.449247551121516,
    "Herr": 0.14128110331712548,
    "posterior": {
        "mean": [
            0.0636638434208267,
            -0.009111208015388285,
            0.0022282307016352745,
            -0.0006972015881706783
        ],
        "stdev": [
            0.0007412228762446331,
            0.0007959538229457096,
            0.0007714175552818301,
            0.0007663565955901776
        ],
        "median": [
            0.06365927246791683,
            -0.009098438759701483,
            0.002211926484403978,
            -0.0006990429029103754
        ],
        "errlo": [
            0.06291205811863125,
            -0.00992188549191611,
            0.001502663238465901,
            -0.0014504223668011784
        ],
        "errup": [
            0.0644198742946904,
            -0.008300041754732658,
            0.002971552494028404,
            5.149159097114775e-05
        ],
        "information_gain_bits": [
            3.823077005526058,
            3.8884102473008135,
            3.8200162525521493,
            3.9278953132515335
        ]
    },
    "maximum_likelihood": {
        "logl": -142226.2069744999,
        "point": [
            0.06366148781322525,
            -0.009097464274361547,
            0.0021098978813962332,
            -0.0006896833963566801
        ],
        "point_untransformed": [
            0.8183074390661262,
            0.4545126786281923,
            0.5105494894069812,
            0.4965515830182166
        ]
    },
    "ncall": 14515,
    "paramnames": [
        "k1",
        "k2",
        "k3",
        "k4"
    ],
    "logzerr_single": 0.20278835981831844,
    "insertion_order_MWW_test": {
        "independent_iterations": Infinity,
        "converged": true
    }
}