{
    "niter": 6580,
    "logz": -106025.92850601452,
    "logzerr": 0.33854770809439616,
    "logz_bs": -106025.92146029831,
    "logz_single": -106025.92850601452,
    "logzerr_tail": 0.009924301819410175,
    "logzerr_bs": 0.3384022146638017,
    "ess": 1360.0650905857458,
    "H": 20.65015036855766,
    "Herr": 0.21590871622316077,
    "posterior": {
        "mean": [
            0.07959081436725612,
            -0.014090521168271032,
            0.0047561237600510274,
            -0.001190698829414281,
            0.0005865673846942167
        ],
        "stdev": [
            0.0008316173567143921,
            0.0009025325970394808,
            0.0008902296498660523,
            0.0009121763624854268,
            0.0008917583578877367
        ],
        "median": [
            0.07959131140703478,
            -0.014113806351357588,
            0.004735104074501478,
            -0.0011595578826424924,
            0.000601734685820407
        ],
        "errlo": [
            0.07878568436195019,
            -0.014952506126474974,
            0.003882495169644514,
            -0.002119067727185924,
            -0.0003222543508791531
        ],
        "errup": [
            0.08041898381876864,
            -0.013171709626479726,
            0.005648717795580044,
            -0.00029912848720603513,
            0.001487180399441429
        ],
        "information_gain_bits": [
            3.815540202991398,
            3.8276534495286243,
            3.819926942899341,
            3.8584807124493854,
            3.885861367630372
        ]
    },
    "maximum_likelihood": {
        "logl": -106002.83105789688,
        "point": [
            0.07954860953510354,
            -0.014090308396941503,
            0.004729987447325695,
            -0.0011270569864985924,
            0.0005018138161824864
        ],
        "point_untransformed": [
            0.8977430476755176,
            0.42954845801529246,
            0.5236499372366284,
            0.49436471506750707,
            0.5025090690809124
        ]
    },
    "ncall": 18716,
    "paramnames": [
        "k1",
        "k2",
        "k3",
        "k4",
        "k5"
    ],
    "logzerr_single": 0.22721218259898424,
    "insertion_order_MWW_test": {
        "independent_iterations": Infinity,
        "converged": true
    }
}