,M,plusM,minusM,NF,logZ,logZerr
0,39.108594788658195,0.3299355666149566,0.34312719512314516,3,-198018.3202549485,0.3485931437962332
