{
    "niter": 7732,
    "logz": -408574.4775496162,
    "logzerr": 0.3712428437317584,
    "logz_bs": -408574.57480284467,
    "logz_single": -408574.4775496162,
    "logzerr_tail": 0.00993821764132008,
    "logzerr_bs": 0.37110979622229934,
    "ess": 1570.2669672857876,
    "H": 18.867172795638908,
    "Herr": 0.218703822981918,
    "posterior": {
        "mean": [
            0.07853967047505117,
            -0.011790124822092619,
            0.002975055347974751,
            -0.0010657330601846536
        ],
        "stdev": [
            0.000433567134852798,
            0.00048024741436335943,
            0.00047315811723729794,
            0.00044955233482797175
        ],
        "median": [
            0.07853559288881365,
            -0.011788235055065377,
            0.002973541104815347,
            -0.0010488763450637456
        ],
        "errlo": [
            0.07811968315253576,
            -0.012268155920514917,
            0.002494929894790915,
            -0.0015316216857474134
        ],
        "errup": [
            0.07897169169320525,
            -0.011315385839326286,
            0.0034455541088771746,
            -0.0006149787626170411
        ],
        "information_gain_bits": [
            3.918389577158499,
            3.9157462865504824,
            3.8317400703523163,
            4.027652994442703
        ]
    },
    "maximum_likelihood": {
        "logl": -408553.5630175175,
        "point": [
            0.07852459600198555,
            -0.011801823163470629,
            0.0029954264331782665,
            -0.0010435980287099994
        ],
        "point_untransformed": [
            0.8926229800099278,
            0.44099088418264687,
            0.5149771321658914,
            0.49478200985645
        ]
    },
    "ncall": 16082,
    "paramnames": [
        "k1",
        "k2",
        "k3",
        "k4"
    ],
    "logzerr_single": 0.21718179479205266,
    "insertion_order_MWW_test": {
        "independent_iterations": Infinity,
        "converged": true
    }
}