{
    "niter": 6497,
    "logz": -105689.7216030062,
    "logzerr": 0.34714678743878163,
    "logz_bs": -105689.71930967337,
    "logz_single": -105689.7216030062,
    "logzerr_tail": 0.009938529154169373,
    "logzerr_bs": 0.34700449228694197,
    "ess": 1569.2327549003835,
    "H": 12.153902653983096,
    "Herr": 0.16791386848855985,
    "posterior": {
        "mean": [
            0.06362434500542764,
            -0.008400489272369591,
            0.0017984669400403954
        ],
        "stdev": [
            0.0008820596121823787,
            0.0009073815977044623,
            0.0009007714988326521
        ],
        "median": [
            0.06367856574561609,
            -0.008401007558992049,
            0.0018191112186322356
        ],
        "errlo": [
            0.06271856195400302,
            -0.009319941530046685,
            0.0008680716772388741
        ],
        "errup": [
            0.06444528211694017,
            -0.007480037065197287,
            0.0026863929444204543
        ],
        "information_gain_bits": [
            3.8211824625294155,
            3.8268445837497276,
            3.830862819517807
        ]
    },
    "maximum_likelihood": {
        "logl": -105676.08187321163,
        "point": [
            0.06368071754997337,
            -0.008409704220190689,
            0.0017122144803825429
        ],
        "point_untransformed": [
            0.8184035877498669,
            0.4579514788990466,
            0.5085610724019127
        ]
    },
    "ncall": 10742,
    "paramnames": [
        "k1",
        "k2",
        "k3"
    ],
    "logzerr_single": 0.17431223891327235,
    "insertion_order_MWW_test": {
        "independent_iterations": Infinity,
        "converged": true
    }
}