{
    "niter": 6769,
    "logz": -106017.690584049,
    "logzerr": 0.23774689527720316,
    "logz_bs": -106017.69468585237,
    "logz_single": -106017.690584049,
    "logzerr_tail": 0.009945528654498048,
    "logzerr_bs": 0.23753878140996676,
    "ess": 1701.3108524463757,
    "H": 11.930107573338319,
    "Herr": 0.11591644715615604,
    "posterior": {
        "mean": [
            0.07955098240887128,
            -0.01417594346313066,
            0.0052053224013389006
        ],
        "stdev": [
            0.0008234996097695142,
            0.0009036083272022482,
            0.000893021036704803
        ],
        "median": [
            0.07954050437356425,
            -0.014177487692072818,
            0.005186816126964769
        ],
        "errlo": [
            0.07872309633609678,
            -0.01507640998910495,
            0.0043270801658404495
        ],
        "errup": [
            0.08035644681008966,
            -0.01329343218160039,
            0.00610295392255586
        ],
        "information_gain_bits": [
            3.8153432818360606,
            3.8541499504473546,
            3.850971553095977
        ]
    },
    "maximum_likelihood": {
        "logl": -106004.25957544659,
        "point": [
            0.07959423241254202,
            -0.014148130299874967,
            0.005196156937639793
        ],
        "point_untransformed": [
            0.89797116206271,
            0.42925934850062514,
            0.525980784688199
        ]
    },
    "ncall": 11260,
    "paramnames": [
        "k1",
        "k2",
        "k3"
    ],
    "logzerr_single": 0.17269993900793884,
    "insertion_order_MWW_test": {
        "independent_iterations": Infinity,
        "converged": true
    }
}