,M,plusM,minusM,NF,logZ,logZerr
0,7.751363414402162,0.14754633438978182,0.15087400593934497,3,-70482.8488756317,0.20488165483320817
