,M,plusM,minusM,NF,logZ,logZerr
0,7.952919426980852,0.16806648756217513,0.16651191618075956,4,-71769.45743160318,0.3641997452438941
