{
    "niter": 6968,
    "logz": -339080.1962105474,
    "logzerr": 0.6320443567495946,
    "logz_bs": -339080.20196841,
    "logz_single": -339080.1962105474,
    "logzerr_tail": 0.00993867451325059,
    "logzerr_bs": 0.6319662108435296,
    "ess": 1281.531322292532,
    "H": 23.435643760079984,
    "Herr": 0.27677458383288084,
    "posterior": {
        "mean": [
            0.0632107762503342,
            -0.007605623837330113,
            0.0013595115354890406,
            -0.00036393716812921725,
            0.00011130217863632298
        ],
        "stdev": [
            0.0004885396616084142,
            0.0005197395962251716,
            0.0005088194871472088,
            0.0005019457116538994,
            0.0004995649487559886
        ],
        "median": [
            0.06320180469946876,
            -0.007596823203485231,
            0.0013522830423598128,
            -0.0003634486300053974,
            0.00010963111986547758
        ],
        "errlo": [
            0.06270887301121891,
            -0.008121991174793786,
            0.0008310363514062863,
            -0.0008729846723865287,
            -0.0003676831874761158
        ],
        "errup": [
            0.06372455750584113,
            -0.007085348807110939,
            0.0018658741450897813,
            0.00013184471866696523,
            0.0005980898266073204
        ],
        "information_gain_bits": [
            3.8917953584108176,
            3.815921245980474,
            3.9317254773430825,
            4.139941860131739,
            4.14503200445885
        ]
    },
    "maximum_likelihood": {
        "logl": -339054.30094841606,
        "point": [
            0.06323308704024841,
            -0.007632873822164765,
            0.0012860486174693653,
            -0.00036395473109623877,
            0.00011324249209536397
        ],
        "point_untransformed": [
            0.8161654352012421,
            0.4618356308891762,
            0.5064302430873469,
            0.4981802263445188,
            0.5005662124604768
        ]
    },
    "ncall": 20360,
    "paramnames": [
        "k1",
        "k2",
        "k3",
        "k4",
        "k5"
    ],
    "logzerr_single": 0.2420518733664335,
    "insertion_order_MWW_test": {
        "independent_iterations": Infinity,
        "converged": true
    }
}