{
    "niter": 7158,
    "logz": -278563.70022112527,
    "logzerr": 0.18986847654849198,
    "logz_bs": -278563.7329862133,
    "logz_single": -278563.70022112527,
    "logzerr_tail": 0.00993311608908698,
    "logzerr_bs": 0.18960846919799224,
    "ess": 1649.9943935064543,
    "H": 13.532948216947261,
    "Herr": 0.14030322545604873,
    "posterior": {
        "mean": [
            0.07900462593927873,
            -0.012158760823742214,
            0.0038242691871273756
        ],
        "stdev": [
            0.000519358298635758,
            0.0005783190748272407,
            0.0005389139767886728
        ],
        "median": [
            0.07900223093357867,
            -0.012167940825559526,
            0.0038101327063394808
        ],
        "errlo": [
            0.07847440440714495,
            -0.012735788709393236,
            0.003297816194640202
        ],
        "errup": [
            0.07954834203004343,
            -0.011596184939410085,
            0.004377715160639034
        ],
        "information_gain_bits": [
            3.833418962299442,
            3.8435969876566314,
            3.937827708690792
        ]
    },
    "maximum_likelihood": {
        "logl": -278548.65447904926,
        "point": [
            0.0789969639802047,
            -0.012152948554506382,
            0.003841503048094122
        ],
        "point_untransformed": [
            0.8949848199010235,
            0.4392352572274681,
            0.5192075152404706
        ]
    },
    "ncall": 11992,
    "paramnames": [
        "k1",
        "k2",
        "k3"
    ],
    "logzerr_single": 0.18393577830962674,
    "insertion_order_MWW_test": {
        "independent_iterations": Infinity,
        "converged": true
    }
}