{
    "niter": 7079,
    "logz": -305780.6817403984,
    "logzerr": 0.3884848635815327,
    "logz_bs": -305780.6727287982,
    "logz_single": -305780.6817403984,
    "logzerr_tail": 0.009935505513567477,
    "logzerr_bs": 0.3883577924571,
    "ess": 1434.4766748682212,
    "H": 18.207898838503752,
    "Herr": 0.14563098412529676,
    "posterior": {
        "mean": [
            0.07872376557351256,
            -0.0126381399721983,
            0.0034189770235107143,
            -0.0013849016398104754
        ],
        "stdev": [
            0.00047610863107626524,
            0.0005294503679627598,
            0.0005432314313512152,
            0.0005140585018574564
        ],
        "median": [
            0.07873105288839918,
            -0.012659767397423805,
            0.003414191194373986,
            -0.0013935821012144162
        ],
        "errlo": [
            0.07825204486880812,
            -0.013175240963959764,
            0.0028859000483031777,
            -0.001907238959771393
        ],
        "errup": [
            0.07921523751531068,
            -0.012111562570090079,
            0.003967763008248901,
            -0.0008643015326058184
        ],
        "information_gain_bits": [
            3.8762242996314256,
            3.817453221473601,
            3.8709655876463933,
            3.9202354486885116
        ]
    },
    "maximum_likelihood": {
        "logl": -305760.54212982295,
        "point": [
            0.07866777211937878,
            -0.01268200956718879,
            0.0034605193039553422,
            -0.0014177072044344041
        ],
        "point_untransformed": [
            0.8933388605968939,
            0.43658995216405605,
            0.5173025965197767,
            0.492911463977828
        ]
    },
    "ncall": 15431,
    "paramnames": [
        "k1",
        "k2",
        "k3",
        "k4"
    ],
    "logzerr_single": 0.2133535729634247,
    "insertion_order_MWW_test": {
        "independent_iterations": Infinity,
        "converged": true
    }
}