{
    "niter": 5807,
    "logz": -172553.05962068727,
    "logzerr": 0.20799056637866087,
    "logz_bs": -172553.0698509739,
    "logz_single": -172553.05962068727,
    "logzerr_tail": 0.009928826853865758,
    "logzerr_bs": 0.2077534454583656,
    "ess": 1515.6811779634993,
    "H": 8.567897471075412,
    "Herr": 0.08029397415799346,
    "posterior": {
        "mean": [
            0.07963459912860307,
            -0.014615368825191764
        ],
        "stdev": [
            0.0006555058776479273,
            0.0006871462156407035
        ],
        "median": [
            0.07964112853217017,
            -0.014604303569887095
        ],
        "errlo": [
            0.07897282511744189,
            -0.015302982597668519
        ],
        "errup": [
            0.08027962064754787,
            -0.01393423450105416
        ],
        "information_gain_bits": [
            3.8166490961571142,
            3.9695549319044483
        ]
    },
    "maximum_likelihood": {
        "logl": -172543.50090001276,
        "point": [
            0.07964753617535322,
            -0.014622058186699594
        ],
        "point_untransformed": [
            0.8982376808767661,
            0.42688970906650203
        ]
    },
    "ncall": 7527,
    "paramnames": [
        "k1",
        "k2"
    ],
    "logzerr_single": 0.14635485532666323,
    "insertion_order_MWW_test": {
        "independent_iterations": Infinity,
        "converged": true
    }
}