,M,plusM,minusM,NF,logZ,logZerr
0,7.832567268913861,0.1577856561645401,0.16053897503839387,3,-71766.47273585666,0.23034554193659895
