{
    "niter": 7444,
    "logz": -172540.4656351773,
    "logzerr": 0.23278576933217388,
    "logz_bs": -172540.5014625431,
    "logz_single": -172540.4656351773,
    "logzerr_tail": 0.009927629347657785,
    "logzerr_bs": 0.23257398087298498,
    "ess": 1589.9768224876464,
    "H": 17.327464617148507,
    "Herr": 0.20083085331809936,
    "posterior": {
        "mean": [
            0.07942709932206075,
            -0.013315874541154269,
            0.003737524238820655,
            -0.001835133224164751
        ],
        "stdev": [
            0.0006573820552500944,
            0.0007185446580074686,
            0.0007250377977571714,
            0.0006923740332726577
        ],
        "median": [
            0.0794451184779141,
            -0.013301385372857397,
            0.003734999001985345,
            -0.0018480909169886345
        ],
        "errlo": [
            0.07875402054154099,
            -0.01401676492593973,
            0.0030035482381811363,
            -0.0025065361802292657
        ],
        "errup": [
            0.08007726412853475,
            -0.012587493639324487,
            0.00443424583185674,
            -0.0011370043497970078
        ],
        "information_gain_bits": [
            3.815270952230997,
            3.8259194100979355,
            3.871515757868296,
            3.842085144298914
        ]
    },
    "maximum_likelihood": {
        "logl": -172521.12529792046,
        "point": [
            0.07948979606900516,
            -0.013303478394384033,
            0.00372163931752309,
            -0.0018087685829586142
        ],
        "point_untransformed": [
            0.8974489803450258,
            0.43348260802807986,
            0.5186081965876155,
            0.4909561570852069
        ]
    },
    "ncall": 15742,
    "paramnames": [
        "k1",
        "k2",
        "k3",
        "k4"
    ],
    "logzerr_single": 0.20813135646238234,
    "insertion_order_MWW_test": {
        "independent_iterations": Infinity,
        "converged": true
    }
}