,M,plusM,minusM,NF,logZ,logZerr
0,19.262707873040874,0.17377884412286448,0.17627849765990078,2,-141361.17660017766,0.22570366830996091
