,M,plusM,minusM,NF,logZ,logZerr
0,19.965479145232827,0.2681817920198917,0.2836865954838288,5,-113107.14549020673,0.47465482869573383
