,M,plusM,minusM,NF,logZ,logZerr
0,10.143113431693624,0.11161982811747606,0.10983152602097235,4,-139910.761367742,0.32794802102316395
