{
    "niter": 5818,
    "logz": -106031.05235692394,
    "logzerr": 0.28877474543700477,
    "logz_bs": -106031.03905416213,
    "logz_single": -106031.05235692394,
    "logzerr_tail": 0.009934650035575032,
    "logzerr_bs": 0.2886038051219657,
    "ess": 1580.5183167292473,
    "H": 8.259378882925375,
    "Herr": 0.09765622417864986,
    "posterior": {
        "mean": [
            0.07985030919306343,
            -0.015709891343722967
        ],
        "stdev": [
            0.0008585316487372089,
            0.0008724412911722067
        ],
        "median": [
            0.07987238738683869,
            -0.0157020580484441
        ],
        "errlo": [
            0.07897567650776136,
            -0.01659328595114193
        ],
        "errup": [
            0.08068950794930183,
            -0.014850281780683724
        ],
        "information_gain_bits": [
            3.8198366933756636,
            3.8291113551650358
        ]
    },
    "maximum_likelihood": {
        "logl": -106021.77524895644,
        "point": [
            0.07984778933892284,
            -0.015684569389012054
        ],
        "point_untransformed": [
            0.8992389466946141,
            0.42157715305493976
        ]
    },
    "ncall": 7473,
    "paramnames": [
        "k1",
        "k2"
    ],
    "logzerr_single": 0.14369567567367306,
    "insertion_order_MWW_test": {
        "independent_iterations": Infinity,
        "converged": true
    }
}