{
    "niter": 6422,
    "logz": -69327.41229082576,
    "logzerr": 0.16195751425165641,
    "logz_bs": -69327.42875606204,
    "logz_single": -69327.41229082576,
    "logzerr_tail": 0.009945778831024654,
    "logzerr_bs": 0.16165184164128732,
    "ess": 1620.3680269195881,
    "H": 11.509030706714839,
    "Herr": 0.09158599777482498,
    "posterior": {
        "mean": [
            0.07952295300497533,
            -0.017059162924363797,
            0.006516980706817343
        ],
        "stdev": [
            0.001016727548763137,
            0.001138593231284686,
            0.0011032447146558755
        ],
        "median": [
            0.079532743813618,
            -0.017007422832342876,
            0.006507393852173027
        ],
        "errlo": [
            0.07848966867740012,
            -0.018239393677589158,
            0.0054384342424652855
        ],
        "errup": [
            0.0805201078111567,
            -0.01593073700396533,
            0.007632934440638034
        ],
        "information_gain_bits": [
            3.8146633860952264,
            3.7727568983794124,
            3.771795171052467
        ]
    },
    "maximum_likelihood": {
        "logl": -69314.38018311444,
        "point": [
            0.07953341228247776,
            -0.017124744088985913,
            0.0064821254009497925
        ],
        "point_untransformed": [
            0.8976670614123888,
            0.41437627955507045,
            0.532410627004749
        ]
    },
    "ncall": 10674,
    "paramnames": [
        "k1",
        "k2",
        "k3"
    ],
    "logzerr_single": 0.16962481176640137,
    "insertion_order_MWW_test": {
        "independent_iterations": 2768,
        "converged": true
    }
}