,M,plusM,minusM,NF,logZ,logZerr
0,11.353244755743706,0.2302608441504166,0.24108587233745027,5,-107706.11125965811,0.3739704218666824
