{
    "niter": 7310,
    "logz": -423154.1322546204,
    "logzerr": 0.47386170831508845,
    "logz_bs": -423154.15567181516,
    "logz_single": -423154.1322546204,
    "logzerr_tail": 0.009946518752258271,
    "logzerr_bs": 0.47375730640487745,
    "ess": 1470.9215684976793,
    "H": 18.552156024612486,
    "Herr": 0.24994646981835372,
    "posterior": {
        "mean": [
            0.06265352424594699,
            -0.006836837855143082,
            0.0013245004164005704,
            -0.00037805481024091197
        ],
        "stdev": [
            0.00043211480809170894,
            0.00046529101913111455,
            0.0004554408524545623,
            0.0004423381878963303
        ],
        "median": [
            0.06264204434733528,
            -0.006828113598217403,
            0.001309400305363001,
            -0.0003652424317840408
        ],
        "errlo": [
            0.06221181835693326,
            -0.0073215787115205044,
            0.0008632438944303534,
            -0.0008228458274798465
        ],
        "errup": [
            0.0630790105988969,
            -0.006372779209066939,
            0.0017779618669506447,
            3.69746028638096e-05
        ],
        "information_gain_bits": [
            4.0469653697369585,
            3.8826688292831775,
            3.9615694003688344,
            4.146288636895221
        ]
    },
    "maximum_likelihood": {
        "logl": -423133.6170496552,
        "point": [
            0.06261840977655117,
            -0.006918085978935298,
            0.0013090969200628966,
            -0.0003968564348411918
        ],
        "point_untransformed": [
            0.8130920488827558,
            0.4654095701053235,
            0.5065454846003145,
            0.498015717825794
        ]
    },
    "ncall": 15101,
    "paramnames": [
        "k1",
        "k2",
        "k3",
        "k4"
    ],
    "logzerr_single": 0.21536106904807845,
    "insertion_order_MWW_test": {
        "independent_iterations": Infinity,
        "converged": true
    }
}