,M,plusM,minusM,NF,logZ,logZerr
0,7.747409838336594,0.152669971325901,0.1549040504081951,3,-70482.76187198589,0.2665766231389654
