{
    "niter": 5442,
    "logz": -71766.74238092909,
    "logzerr": 0.2174030682366387,
    "logz_bs": -71766.70675300984,
    "logz_single": -71766.74238092909,
    "logzerr_tail": 0.00992497922561597,
    "logzerr_bs": 0.21717640034330543,
    "ess": 1479.5116596924368,
    "H": 7.754232073275489,
    "Herr": 0.11273138594955881,
    "posterior": {
        "mean": [
            0.06387374797524195,
            -0.0115960621832213
        ],
        "stdev": [
            0.0010109918601926293,
            0.0011006389092431854
        ],
        "median": [
            0.06386319270513763,
            -0.011588445547097155
        ],
        "errlo": [
            0.06285099309136563,
            -0.012699873676400554
        ],
        "errup": [
            0.0648378446740315,
            -0.01047456954621094
        ],
        "information_gain_bits": [
            3.81502852059651,
            3.7632408968462747
        ]
    },
    "maximum_likelihood": {
        "logl": -71758.02587273771,
        "point": [
            0.06384041556474596,
            -0.011655686773469731
        ],
        "point_untransformed": [
            0.8192020778237298,
            0.44172156613265134
        ]
    },
    "ncall": 7003,
    "paramnames": [
        "k1",
        "k2"
    ],
    "logzerr_single": 0.13923210902370445,
    "insertion_order_MWW_test": {
        "independent_iterations": Infinity,
        "converged": true
    }
}