{
    "niter": 6698,
    "logz": -71766.47273585666,
    "logzerr": 0.23034554193659895,
    "logz_bs": -71766.46757164998,
    "logz_single": -71766.47273585666,
    "logzerr_tail": 0.00993085905793123,
    "logzerr_bs": 0.2301313684147317,
    "ess": 1764.5421989481624,
    "H": 11.382517073565396,
    "Herr": 0.08966919154739934,
    "posterior": {
        "mean": [
            0.06368987779116224,
            -0.010917944912717081,
            0.003292916148818895
        ],
        "stdev": [
            0.0010764712557606248,
            0.0011671696451345179,
            0.0011377592653035865
        ],
        "median": [
            0.06369527477881569,
            -0.010890470641926879,
            0.003314194577984958
        ],
        "errlo": [
            0.06261580486949994,
            -0.012111076203175322,
            0.0021326654023695324
        ],
        "errup": [
            0.06474761802112378,
            -0.009757107621117478,
            0.004439109242326891
        ],
        "information_gain_bits": [
            3.809012046672746,
            3.7193996931489073,
            3.7942530641438745
        ]
    },
    "maximum_likelihood": {
        "logl": -71753.49343502232,
        "point": [
            0.06369114393354466,
            -0.01096868992490152,
            0.0032974866450273116
        ],
        "point_untransformed": [
            0.8184557196677232,
            0.4451565503754924,
            0.5164874332251366
        ]
    },
    "ncall": 11140,
    "paramnames": [
        "k1",
        "k2",
        "k3"
    ],
    "logzerr_single": 0.1686899305943111,
    "insertion_order_MWW_test": {
        "independent_iterations": Infinity,
        "converged": true
    }
}