,M,plusM,minusM,NF,logZ,logZerr
0,15.15244300032513,0.23908207960070094,0.23714336351442888,5,-172331.43862408312,0.5738733409286539
