{
    "niter": 6814,
    "logz": -84154.73095059385,
    "logzerr": 0.4953758738074557,
    "logz_bs": -84154.73973945621,
    "logz_single": -84154.73095059385,
    "logzerr_tail": 0.009946095800842158,
    "logzerr_bs": 0.4952760154992575,
    "ess": 1582.136099813182,
    "H": 15.431783469350194,
    "Herr": 0.17666848889171566,
    "posterior": {
        "mean": [
            0.06361202643555518,
            -0.008416652406724384,
            0.0017245330942515559,
            -2.337306579105442e-05
        ],
        "stdev": [
            0.0009678646280952002,
            0.0010385485549264,
            0.0010519120716083606,
            0.0010153080550352582
        ],
        "median": [
            0.06360905135822012,
            -0.0084567961040357,
            0.0017425668387969773,
            -2.5552913707857505e-05
        ],
        "errlo": [
            0.06262712082623312,
            -0.00942416754241257,
            0.0006667614811980416,
            -0.0010612098825134155
        ],
        "errup": [
            0.06454667746139456,
            -0.007406565540982762,
            0.0028081646293134366,
            0.0009939584166308163
        ],
        "information_gain_bits": [
            3.8173814734700953,
            3.812961420190677,
            3.802411607039573,
            3.7606350397017763
        ]
    },
    "maximum_likelihood": {
        "logl": -84137.2827547331,
        "point": [
            0.063571409119871,
            -0.008379169761017685,
            0.0018449538954334183,
            -1.0187100602396248e-05
        ],
        "point_untransformed": [
            0.817857045599355,
            0.4581041511949116,
            0.5092247694771671,
            0.499949064496988
        ]
    },
    "ncall": 14329,
    "paramnames": [
        "k1",
        "k2",
        "k3",
        "k4"
    ],
    "logzerr_single": 0.1964165437873691,
    "insertion_order_MWW_test": {
        "independent_iterations": Infinity,
        "converged": true
    }
}