,M,plusM,minusM,NF,logZ,logZerr
0,19.82336223881888,0.2137077250539079,0.23109721353876367,5,-172544.70306583022,0.5217786800639442
