{
    "niter": 6337,
    "logz": -105720.21718084406,
    "logzerr": 0.4065938432960519,
    "logz_bs": -105720.2284964397,
    "logz_single": -105720.21718084406,
    "logzerr_tail": 0.009926908576744609,
    "logzerr_bs": 0.40647264347353484,
    "ess": 1295.919572732175,
    "H": 20.492146932941978,
    "Herr": 0.2076202848755481,
    "posterior": {
        "mean": [
            0.06369240975810259,
            -0.010916824897384495,
            0.002475892914760414,
            -0.001137571303123647,
            0.0004287135093293018
        ],
        "stdev": [
            0.000849830609418593,
            0.0009272975662781625,
            0.0009472644956085554,
            0.000981036180107995,
            0.0009081279027322186
        ],
        "median": [
            0.06368897894551567,
            -0.010931610772108774,
            0.002489133172700303,
            -0.0010748872151382927,
            0.00041775791965251163
        ],
        "errlo": [
            0.06286771259055447,
            -0.011854816797218323,
            0.0015361510146519044,
            -0.002199311019376274,
            -0.00047970564944958827
        ],
        "errup": [
            0.06452753650630513,
            -0.010004780036952408,
            0.003437829005144291,
            -0.00016216224497485332,
            0.0013510867815130362
        ],
        "information_gain_bits": [
            3.820789432481979,
            3.854178750869099,
            3.8153335391382615,
            3.827034589398591,
            3.8289398652489903
        ]
    },
    "maximum_likelihood": {
        "logl": -105697.18042372137,
        "point": [
            0.06357206348052166,
            -0.010847273130086654,
            0.0025115982830596073,
            -0.0012286588468744808,
            0.0004105452137921073
        ],
        "point_untransformed": [
            0.8178603174026082,
            0.44576363434956673,
            0.512557991415298,
            0.49385670576562757,
            0.5020527260689606
        ]
    },
    "ncall": 18563,
    "paramnames": [
        "k1",
        "k2",
        "k3",
        "k4",
        "k5"
    ],
    "logzerr_single": 0.22634126299098659,
    "insertion_order_MWW_test": {
        "independent_iterations": Infinity,
        "converged": true
    }
}